County,Dist,District,"FY19 
K to 12 Aid","Equalization
Aid","Educational
Adequacy Aid","Proj FY20
Choice Aid","Transportation
Aid","Special
Education Aid","Security
Aid","Adjustment
Aid",Vocational Expansion Stabilization Aid,"FY20 
K to 12 Aid","FY19- FY20
K to 12 Aid
Difference",Aid Percent Difference
Atlantic,10,Absecon City,"3,063,939","1,992,142",0,0,"343,882","756,476","261,412",0,0,"3,353,912","289,973",9.46%
Atlantic,110,Atlantic City,"29,044,104","22,497,852",0,"198,020","1,390,702","5,620,334","3,248,102","7,482,500",0,"40,437,510","11,393,406",39.23%
Atlantic,120,Atlantic Co Vocational,"8,687,418","8,179,370",0,0,0,"1,417,691","601,522",0,0,"10,198,583","1,511,165",17.39%
Atlantic,570,Brigantine City,"2,195,236",0,0,0,"496,944","532,335","196,809","826,474",0,"2,052,562","-142,674",-6.50%
Atlantic,590,Buena Regional,"19,336,095","17,269,149",0,0,"175,973","1,134,901","556,813",0,0,"19,136,836","-199,259",-1.03%
Atlantic,960,Corbin City,"672,175","397,218",0,0,"71,890","56,035","11,067","101,790",0,"638,000","-34,175",-5.08%
Atlantic,1300,Egg Harbor City,"5,566,281","5,317,507",0,0,"123,396","267,087","224,238",0,0,"5,932,228","365,947",6.57%
Atlantic,1310,Egg Harbor Twp,"43,930,259","38,895,174",0,0,"3,273,116","4,443,028","1,547,671",0,0,"48,158,989","4,228,730",9.63%
Atlantic,1410,Estell Manor City,"2,162,260","1,531,195",0,"205,367",0,"167,247","34,171",0,0,"1,937,980","-224,280",-10.37%
Atlantic,1540,Folsom Boro,"5,869,132","4,269,569",0,"1,204,632","181,520","362,025","79,030",0,0,"6,096,776","227,644",3.88%
Atlantic,1690,Galloway Twp,"24,609,074","21,535,033",0,0,"1,088,704","1,996,732","739,882",0,0,"25,360,351","751,277",3.05%
Atlantic,1790,Greater Egg Harbor Reg,"32,137,553","28,366,446",0,0,"1,318,244","2,214,280","672,859",0,0,"32,571,829","434,276",1.35%
Atlantic,1940,Hamilton Twp,"24,337,190","20,175,776",0,0,"1,774,245","2,090,080","818,537",0,0,"24,858,638","521,448",2.14%
Atlantic,1960,Hammonton Town,"19,310,631","14,652,350",0,"2,379,173","757,886","2,297,445","773,246",0,0,"20,860,100","1,549,469",8.02%
Atlantic,2680,Linwood City,"1,505,899","128,197",0,0,"111,744","607,272","64,088","511,542",0,"1,422,843","-83,056",-5.52%
Atlantic,2780,Longport,"89,130",0,0,0,"20,694","44,828","4,178","17,430",0,"87,130","-2,000",-2.24%
Atlantic,2910,Mainland Regional,"7,900,944","6,194,693",0,"458,410","301,868","901,973","43,566",0,0,"7,900,510",-434,-0.01%
Atlantic,3020,Margate City,"535,848",0,0,0,"136,684","314,672","43,782","36,140",0,"531,278","-4,570",-0.85%
Atlantic,3480,Mullica Twp,"5,481,097","4,101,766",0,0,"236,446","442,376","165,721","534,788",0,"5,481,097",0,0.00%
Atlantic,3720,Northfield City,"4,075,335","3,350,671",0,0,"59,085","666,852","114,731",0,0,"4,191,339","116,004",2.85%
Atlantic,4180,Pleasantville City,"64,048,801","47,348,724",0,0,"699,058","2,182,722","1,597,790","12,803,286",0,"64,631,580","582,779",0.91%
Atlantic,4240,Port Republic City,"1,072,547","259,429",0,"230,472","47,977","85,872","12,745","423,408",0,"1,059,903","-12,644",-1.18%
Atlantic,4800,Somers Point City,"5,816,797","4,964,991",0,0,"142,184","568,696","114,624",0,0,"5,790,495","-26,302",-0.45%
Atlantic,5350,Ventnor City,"2,027,758",0,0,0,"417,427","701,056","344,749","480,568",0,"1,943,800","-83,958",-4.14%
Atlantic,5760,Weymouth Twp,"2,245,862","1,628,984",0,0,"170,118","165,399","58,408",0,0,"2,022,909","-222,953",-9.93%
Bergen,40,Allendale Boro,"509,385",0,0,0,"22,726","469,043","71,109",0,0,"562,878","53,493",10.50%
Bergen,80,Alpine Boro,"172,110",0,0,0,"74,112","92,142","15,978",0,0,"182,232","10,122",5.88%
Bergen,290,Bergen County Vocational,"5,695,547",0,0,0,0,"1,618,948","213,795","3,452,071","410,733","5,695,547",0,0.00%
Bergen,300,Bergenfield Boro,"11,935,421","9,697,470",0,"245,556","578,477","2,104,440","374,729",0,0,"13,000,672","1,065,251",8.93%
Bergen,440,Bogota Boro,"6,099,706","5,353,466",0,0,"203,338","764,979","328,102",0,0,"6,649,885","550,179",9.02%
Bergen,740,Carlstadt Boro,"328,095",0,0,0,"45,263","265,555","56,138",0,0,"366,956","38,861",11.84%
Bergen,745,Carlstadt-East Rutherford,"428,678",0,0,0,"92,141","356,516","18,800",0,0,"467,457","38,779",9.05%
Bergen,890,Cliffside Park Boro,"4,941,897","2,178,852",0,0,"323,598","1,923,091","926,208",0,0,"5,351,749","409,852",8.29%
Bergen,930,Closter Boro,"693,682",0,0,0,"93,632","592,766","91,347",0,0,"777,745","84,063",12.12%
Bergen,990,Cresskill Boro,"1,047,524",0,0,0,"82,508","938,195","143,116",0,0,"1,163,819","116,295",11.10%
Bergen,1070,Demarest Boro,"392,632",0,0,0,"49,777","353,998","31,678",0,0,"435,453","42,821",10.91%
Bergen,1130,Dumont Boro,"8,874,308","6,782,710",0,0,"222,500","1,819,573","139,307",0,0,"8,964,090","89,782",1.01%
Bergen,1230,East Rutherford Boro,"698,753",0,0,0,"133,577","478,694","129,901",0,0,"742,172","43,419",6.21%
Bergen,1270,Edgewater Boro,"1,199,041",0,0,0,"618,022","683,420","45,596",0,0,"1,347,038","147,997",12.34%
Bergen,1345,Elmwood Park,"8,475,495","6,267,216",0,0,"547,120","2,318,383","760,674",0,0,"9,893,393","1,417,898",16.73%
Bergen,1360,Emerson Boro,"678,133",0,0,0,"134,241","540,178","81,391",0,0,"755,810","77,677",11.45%
Bergen,1370,Englewood City,"9,641,682",0,0,"4,355,820","830,412","2,229,543","1,201,342","535,621",0,"9,152,738","-488,944",-5.07%
Bergen,1380,Englewood Cliffs Boro,"414,002",0,0,0,"141,069","304,738","8,968",0,0,"454,775","40,773",9.85%
Bergen,1450,Fair Lawn Boro,"6,351,196","1,443,834",0,0,"840,898","4,363,870","464,041",0,0,"7,112,643","761,447",11.99%
Bergen,1470,Fairview Boro,"12,625,278","11,966,907",0,0,"159,545","1,748,955","721,266",0,0,"14,596,673","1,971,395",15.61%
Bergen,1550,Fort Lee Boro,"2,707,419",0,0,0,"685,744","2,240,880","105,243",0,0,"3,031,867","324,448",11.98%
Bergen,1580,Franklin Lakes Boro,"909,154",0,0,0,"230,578","716,089","20,872",0,0,"967,539","58,385",6.42%
Bergen,1700,Garfield City,"58,866,841","52,943,266",0,0,"709,240","4,299,757","1,872,059",0,0,"59,824,322","957,481",1.63%
Bergen,1760,Glen Rock Boro,"1,484,124",0,0,0,"131,824","1,320,084","201,595",0,0,"1,653,503","169,379",11.41%
Bergen,1860,Hackensack City,"19,221,282","14,505,187",0,0,"682,382","4,787,838","2,121,557",0,0,"22,096,964","2,875,682",14.96%
Bergen,2050,Harrington Park Boro,"381,842","2,317",0,0,"75,414","319,628","24,352",0,0,"421,711","39,869",10.44%
Bergen,2080,Hasbrouck Heights Boro,"2,500,974","798,393",0,0,"143,130","1,565,896","185,508",0,0,"2,692,927","191,953",7.68%
Bergen,2090,Haworth Boro,"263,228",0,0,0,"30,722","221,055","33,319","2,172",0,"287,268","24,040",9.13%
Bergen,2180,Hillsdale Boro,"936,514","11,741",0,0,"126,575","787,755","55,927",0,0,"981,998","45,484",4.86%
Bergen,2200,Ho Ho Kus Boro,"624,294",0,0,0,"203,210","465,746","14,624",0,0,"683,580","59,286",9.50%
Bergen,2620,Leonia Boro,"3,548,136","2,569,576",0,0,0,"896,489","36,798",0,0,"3,502,863","-45,273",-1.28%
Bergen,2710,Little Ferry Boro,"4,290,175","2,901,349",0,0,"299,736","1,040,076","319,475",0,0,"4,560,636","270,461",6.30%
Bergen,2740,Lodi Borough,"18,363,742","15,548,944",0,0,"674,487","2,835,516","1,028,863",0,0,"20,087,810","1,724,068",9.39%
Bergen,2860,Lyndhurst Twp,"2,203,548","404,524",0,0,"239,630","1,609,062","75,106",0,0,"2,328,322","124,774",5.66%
Bergen,2900,Mahwah Twp,"2,685,621",0,0,0,"636,428","2,181,669","59,339",0,0,"2,877,436","191,815",7.14%
Bergen,3060,Maywood Boro,"1,260,849","324,912",0,0,"153,364","796,148","23,035",0,0,"1,297,459","36,610",2.90%
Bergen,3170,Midland Park Boro,"742,564","33,981",0,0,"107,033","583,528","58,146",0,0,"782,688","40,124",5.40%
Bergen,3330,Montvale Boro,"665,799",0,0,0,"192,645","527,246","18,499",0,0,"738,390","72,591",10.90%
Bergen,3350,Moonachie Boro,"459,351",0,0,0,"107,072","247,278","112,578","16,590",0,"483,518","24,167",5.26%
Bergen,3550,New Milford Boro,"2,186,847","587,981",0,0,"430,582","1,294,330","73,366",0,0,"2,386,259","199,412",9.12%
Bergen,3600,North Arlington Boro,"3,276,493","1,772,290",0,0,"184,243","1,574,641","224,941",0,0,"3,756,115","479,622",14.64%
Bergen,3700,Northern Highlands Reg,"787,304",0,0,0,"272,216","527,552","77,671",0,0,"877,439","90,135",11.45%
Bergen,3710,Northern Valley Regional,"1,459,014",0,0,0,"307,800","1,263,555","42,643",0,0,"1,613,998","154,984",10.62%
Bergen,3730,Northvale Boro,"297,378",0,0,0,"24,930","268,105","40,383",0,0,"333,418","36,040",12.12%
Bergen,3740,Norwood Boro,"464,422",0,0,0,"52,474","401,962","41,806",0,0,"496,242","31,820",6.85%
Bergen,3760,Oakland Boro,"870,157",0,0,0,"215,169","705,476","51,232",0,0,"971,877","101,720",11.69%
Bergen,3850,Old Tappan Boro,"442,963",0,0,0,"77,746","381,945","20,128",0,0,"479,819","36,856",8.32%
Bergen,3870,Oradell Boro,"425,212",0,0,0,"29,595","388,913","58,565",0,0,"477,073","51,861",12.20%
Bergen,3910,Palisades Park,"1,995,923","711,969",0,0,"101,852","995,844","212,501","10,133",0,"2,032,299","36,376",1.82%
Bergen,3930,Paramus Boro,"2,598,206",0,0,0,"727,057","2,089,127","69,352",0,0,"2,885,536","287,330",11.06%
Bergen,3940,Park Ridge Boro,"706,495",0,0,0,"99,501","629,762","59,165",0,0,"788,428","81,933",11.60%
Bergen,3960,Pascack Valley Regional,"1,405,843",0,0,0,"363,359","1,165,749","35,828",0,0,"1,564,936","159,093",11.32%
Bergen,4300,Ramapo-Indian Hill Reg,"1,824,745",0,0,0,"698,935","1,280,142","40,228",0,0,"2,019,305","194,560",10.66%
Bergen,4310,Ramsey Boro,"1,600,162",0,0,0,"309,420","1,368,152","96,206",0,0,"1,773,778","173,616",10.85%
Bergen,4370,Ridgefield Boro,"2,601,290","1,530,497",0,0,0,"1,036,775","96,410",0,0,"2,663,682","62,392",2.40%
Bergen,4380,Ridgefield Park Twp,"9,412,261","7,448,968",0,0,"296,758","1,696,661","511,781",0,0,"9,954,168","541,907",5.76%
Bergen,4390,Ridgewood Village,"3,477,429",0,0,0,"620,535","2,810,902","447,742",0,0,"3,879,179","401,750",11.55%
Bergen,4405,River Dell Regional,"990,197",0,0,0,"199,120","779,669","125,221",0,0,"1,104,010","113,813",11.49%
Bergen,4410,River Edge Boro,"1,935,956","1,018,367",0,0,"19,622","1,011,024","91,647",0,0,"2,140,660","204,704",10.57%
Bergen,4430,River Vale Twp,"679,804",0,0,0,"126,476","541,250","86,869",0,0,"754,595","74,791",11.00%
Bergen,4470,Rochelle Park Twp,"529,341",0,0,0,"103,197","421,417","47,531",0,0,"572,145","42,804",8.09%
Bergen,4500,Rockleigh,"35,001",0,0,0,"28,708","8,256","2,002",0,0,"38,966","3,965",11.33%
Bergen,4600,Rutherford Boro,"2,668,027","815,410",0,0,"209,359","1,545,327","133,835",0,0,"2,703,931","35,904",1.35%
Bergen,4610,Saddle Brook Twp,"1,291,434","17,740",0,0,"234,147","1,111,906","43,806",0,0,"1,407,599","116,165",9.00%
Bergen,4620,Saddle River Boro,"364,260",0,0,0,"202,394","161,378","29,320",0,0,"393,092","28,832",7.92%
Bergen,4870,South Hackensack Twp,"296,060","49,678",0,0,"47,149","211,923","36,988",0,0,"345,738","49,678",16.78%
Bergen,5150,Teaneck Twp,"5,989,277",0,0,0,"2,348,999","2,840,278","945,902",0,0,"6,135,179","145,902",2.44%
Bergen,5160,Tenafly Boro,"2,190,766",0,0,0,"353,878","1,821,518","285,644",0,0,"2,461,040","270,274",12.34%
Bergen,5330,Upper Saddle River Boro,"693,797",0,0,0,"150,581","564,539","53,937",0,0,"769,057","75,260",10.85%
Bergen,5410,Waldwick Boro,"1,505,806","196,883",0,0,"199,527","1,090,126","125,909",0,0,"1,612,445","106,639",7.08%
Bergen,5430,Wallington Boro,"4,949,440","3,665,585",0,0,"166,028","1,179,528","258,918",0,0,"5,270,059","320,619",6.48%
Bergen,5755,Westwood Regional,"2,041,361",0,0,0,"422,522","1,734,763","55,037",0,0,"2,212,322","170,961",8.38%
Bergen,5830,Wood-Ridge Boro,"883,186","79,500",0,0,"118,852","725,253","22,479",0,0,"946,084","62,898",7.12%
Bergen,5880,Woodcliff Lake Boro,"443,118",0,0,0,"62,505","383,293","44,572",0,0,"490,370","47,252",10.66%
Bergen,5920,Wyckoff Twp,"1,226,819",0,0,0,"277,625","958,473","118,034",0,0,"1,354,132","127,313",10.38%
Burlington,200,Bass River Twp,"856,620","638,484",0,0,"29,712","81,213","26,554","51,190",0,"827,153","-29,467",-3.44%
Burlington,380,Beverly City,"3,660,332","2,543,698",0,0,"193,173","182,606","105,269","758,309",0,"3,783,055","122,723",3.35%
Burlington,475,Bordentown Regional,"8,693,997","7,115,950",0,0,"729,374","1,470,071","71,779",0,0,"9,387,174","693,177",7.97%
Burlington,600,Burlington City,"16,734,628","13,886,166",0,0,"205,655","935,688","480,795","1,244,633",0,"16,752,937","18,309",0.11%
Burlington,610,Burlington Co Vocational,"14,656,986","13,228,997",0,0,0,"1,264,555","244,568",0,0,"14,738,120","81,134",0.55%
Burlington,620,Burlington Twp,"20,020,154","16,314,322",0,0,"1,741,167","2,355,238","533,760",0,0,"20,944,487","924,333",4.62%
Burlington,830,Chesterfield Twp,"2,403,780","1,798,701",0,0,"143,738","654,710","60,146",0,0,"2,657,295","253,515",10.55%
Burlington,840,Cinnaminson Twp,"9,297,616","7,746,535",0,0,"483,083","1,385,471","57,475",0,0,"9,672,564","374,948",4.03%
Burlington,1030,Delanco Twp,"2,497,232","2,105,710",0,0,"48,300","341,376","25,925",0,0,"2,521,311","24,079",0.96%
Burlington,1060,Delran Twp,"14,114,510","12,070,183",0,0,"516,610","2,561,908","418,930",0,0,"15,567,631","1,453,121",10.30%
Burlington,1250,Eastampton Twp,"4,544,057","4,107,851",0,0,0,"389,996","5,492",0,0,"4,503,339","-40,718",-0.90%
Burlington,1280,Edgewater Park Twp,"7,203,747","6,287,636",0,0,"470,640","592,870","305,169",0,0,"7,656,315","452,568",6.28%
Burlington,1420,Evesham Twp,"13,088,470","8,210,603",0,0,"546,377","3,024,808","381,844",0,0,"12,163,632","-924,838",-7.07%
Burlington,1520,Florence Twp,"9,769,215","8,371,715",0,0,"262,668","1,119,158","110,028",0,0,"9,863,569","94,354",0.97%
Burlington,1910,Hainesport Twp,"1,331,665","604,261",0,0,"137,699","441,909","62,448",0,0,"1,246,317","-85,348",-6.41%
Burlington,2610,Lenape Regional,"28,299,836","21,776,928",0,0,"874,930","4,238,655","448,023",0,0,"27,338,536","-961,300",-3.40%
Burlington,2850,Lumberton Twp,"8,037,272","6,478,048",0,0,"73,845","906,745","176,844",0,0,"7,635,482","-401,790",-5.00%
Burlington,2960,Mansfield Twp,"665,705","59,647",0,0,"162,397","394,306","50,397",0,0,"666,747","1,042",0.16%
Burlington,3010,Maple Shade Twp,"10,262,185","8,871,517",0,0,"587,335","1,384,544","624,464",0,0,"11,467,860","1,205,675",11.75%
Burlington,3070,Medford Lakes Boro,"1,489,202","1,049,022",0,0,"26,367","461,143","42,839",0,0,"1,579,371","90,169",6.06%
Burlington,3080,Medford Twp,"4,699,821","2,588,535",0,0,"240,580","1,680,355","78,003",0,0,"4,587,473","-112,348",-2.39%
Burlington,3360,Moorestown Twp,"3,575,367",0,0,0,"818,042","2,640,035","314,058",0,0,"3,772,135","196,768",5.50%
Burlington,3430,Mount Holly Twp,"10,295,362","8,335,842",0,0,"127,355","755,237","337,977","1,025,803",0,"10,582,214","286,852",2.79%
Burlington,3440,Mount Laurel Twp,"4,836,580",0,0,0,"2,093,313","2,590,889","337,731",0,0,"5,021,933","185,353",3.83%
Burlington,3540,New Hanover Twp,"2,430,790","1,920,834",0,0,"161,552","152,726","78,055","50,260",0,"2,363,427","-67,363",-2.77%
Burlington,3650,North Hanover Twp,"11,803,550","9,890,897",0,0,"488,491","842,583","192,147","403,273",0,"11,817,391","13,841",0.12%
Burlington,3690,Northern Burlington Reg,"13,395,709","10,892,718",0,"489,707","1,212,916","1,088,835","206,047",0,0,"13,890,223","494,514",3.69%
Burlington,3920,Palmyra Boro,"5,047,591","3,988,761",0,0,"97,770","696,197","218,608","102,575",0,"5,103,911","56,320",1.12%
Burlington,4050,Pemberton Twp,"80,777,705","44,597,100",0,"95,789","2,481,707","3,488,912","1,398,487","26,030,478",0,"78,092,473","-2,685,232",-3.32%
Burlington,4320,Rancocas Valley Regional,"16,293,099","13,354,556",0,0,"1,109,889","1,251,944","308,091","256,557",0,"16,281,037","-12,062",-0.07%
Burlington,4450,Riverside Twp,"11,731,972","11,099,812",0,0,"187,558","827,038","439,613",0,0,"12,554,021","822,049",7.01%
Burlington,4460,Riverton,"541,828","262,501",0,0,"19,613","204,103","33,553",0,0,"519,770","-22,058",-4.07%
Burlington,4740,Shamong Twp,"4,194,324","3,266,834",0,0,"191,437","507,214","65,308",0,0,"4,030,793","-163,531",-3.90%
Burlington,4930,Southampton Twp,"2,039,897","425,897",0,0,"420,886","489,699","94,037","499,032",0,"1,929,551","-110,346",-5.41%
Burlington,5010,Springfield Twp,"1,142,734","709,768",0,0,"139,769","159,516","22,357",0,0,"1,031,410","-111,324",-9.74%
Burlington,5130,Tabernacle Twp,"5,229,442","3,405,745",0,0,"344,597","543,635","66,283","556,289",0,"4,916,549","-312,893",-5.98%
Burlington,5490,Washington Twp,"612,248","145,473",0,0,"83,884","52,560","9,777","241,115",0,"532,809","-79,439",-12.97%
Burlington,5720,Westampton,"3,937,830","2,998,709",0,0,"408,807","571,393","93,300",0,0,"4,072,209","134,379",3.41%
Burlington,5805,Willingboro Twp,"38,902,511","34,319,716",0,0,"1,015,853","2,391,334","1,086,670",0,0,"38,813,573","-88,938",-0.23%
Burlington,5890,Woodland Twp,"900,238","678,769",0,0,"63,364","100,588","16,311",0,0,"859,032","-41,206",-4.58%
Camden,150,Audubon Boro,"8,804,677","6,131,330",0,"1,024,191","73,419","1,046,915","200,391","450,596",0,"8,926,842","122,165",1.39%
Camden,190,Barrington Boro,"3,427,290","2,748,935",0,0,"75,087","557,456","81,247",0,0,"3,462,725","35,435",1.03%
Camden,260,Bellmawr Boro,"6,327,656","5,443,356",0,"148,888","74,021","931,640","337,882",0,0,"6,935,787","608,131",9.61%
Camden,330,Berlin Boro,"3,911,932","3,116,148",0,0,"254,835","521,625","98,331",0,0,"3,990,939","79,007",2.02%
Camden,340,Berlin Twp,"5,895,815","4,488,532",0,"446,307","270,602","448,106","208,615",0,0,"5,862,162","-33,653",-0.57%
Camden,390,Black Horse Pike Regional,"34,123,559","31,069,971",0,0,"875,368","2,425,197","163,463",0,0,"34,533,999","410,440",1.20%
Camden,580,Brooklawn Boro,"4,425,405","3,548,810",0,"469,328","17,795","271,023","110,945","75,296",0,"4,493,197","67,792",1.53%
Camden,680,Camden City,"282,029,317","218,062,833",0,0,"4,491,244","9,745,700","7,024,657","45,048,515",0,"284,372,949","2,343,632",0.83%
Camden,700,Camden County Vocational,"23,608,172","21,576,784",0,0,0,"1,725,942","742,267",0,0,"24,044,993","436,821",1.85%
Camden,800,Cherry Hill Twp,"17,295,270","7,821,405",0,0,"2,884,053","6,480,802","1,238,638",0,0,"18,424,898","1,129,628",6.53%
Camden,810,Chesilhurst,"2,420,230","1,533,518",0,0,"170,166","95,861","50,877","489,246",0,"2,339,668","-80,562",-3.33%
Camden,880,Clementon Boro,"6,378,661","6,049,406",0,0,"78,718","371,383","135,485",0,0,"6,634,992","256,331",4.02%
Camden,940,Collingswood Boro,"10,484,844","7,872,265",0,"350,401","176,430","1,012,100","341,486","783,307",0,"10,535,989","51,145",0.49%
Camden,1255,Eastern Camden County Reg,"9,224,954","7,268,037",0,0,"448,029","1,217,428","166,156",0,0,"9,099,650","-125,304",-1.36%
Camden,1720,Gibbsboro Boro,"1,368,663","857,242",0,0,"20,818","163,500","25,761","284,300",0,"1,351,621","-17,042",-1.25%
Camden,1770,Gloucester City,"29,595,537","19,340,047",0,0,"233,679","1,108,064","759,837","8,476,977",0,"29,918,604","323,067",1.09%
Camden,1780,Gloucester Twp,"51,917,671","46,375,401",0,0,"1,634,840","3,992,445","487,009",0,0,"52,489,695","572,024",1.10%
Camden,1880,Haddon Heights Boro,"1,721,390","446,874",0,"484,496","118,664","501,850","81,344","83,524",0,"1,716,752","-4,638",-0.27%
Camden,1890,Haddon Twp,"8,198,876","7,088,284",0,0,0,"1,120,440",0,0,0,"8,208,724","9,848",0.12%
Camden,1900,Haddonfield,"1,508,822",0,0,0,"183,654","1,299,439","200,857","1,624",0,"1,685,574","176,752",11.71%
Camden,2130,Hi Nella,"1,039,658","991,305",0,0,"37,318","118,572","42,488",0,0,"1,189,683","150,025",14.43%
Camden,2540,Laurel Springs Boro,"2,100,793","1,736,208",0,"165,642","22,482","239,471","53,391",0,0,"2,217,194","116,401",5.54%
Camden,2560,Lawnside Boro,"4,082,658","3,569,350",0,"110,918","101,997","317,335","150,662",0,0,"4,250,262","167,604",4.11%
Camden,2670,Lindenwold Boro,"26,981,830","25,683,742",0,"246,934","834,376","1,431,101","1,217,920",0,0,"29,414,073","2,432,243",9.01%
Camden,2890,Magnolia Boro,"3,210,064","2,913,389",0,0,"16,028","244,021","98,488",0,0,"3,271,926","61,862",1.93%
Camden,3110,Merchantville Boro,"3,145,010","2,260,331",0,"457,597","111,609","446,058","133,028",0,0,"3,408,623","263,613",8.38%
Camden,3420,Mount Ephraim Boro,"4,145,226","3,361,546",0,"231,530","45,548","409,172","109,498",0,0,"4,157,294","12,068",0.29%
Camden,3770,Oaklyn Boro,"2,539,339","2,128,979",0,"49,361","16,236","275,669","48,228",0,0,"2,518,473","-20,866",-0.82%
Camden,4060,Pennsauken Twp,"51,803,617","45,732,007",0,0,"2,186,740","3,608,865","1,929,981",0,0,"53,457,593","1,653,976",3.19%
Camden,4110,Pine Hill Boro,"17,672,150","15,497,104",0,"421,448","588,996","1,283,209","536,169",0,0,"18,326,926","654,776",3.71%
Camden,4590,Runnemede Boro,"5,252,852","4,579,826",0,"105,278","166,787","481,898","175,149",0,0,"5,508,938","256,086",4.88%
Camden,4790,Somerdale Boro,"3,233,018","2,663,151",0,"241,542","31,147","355,717","84,322",0,0,"3,375,879","142,861",4.42%
Camden,5035,Sterling High School Dist,"7,588,451","6,070,888",0,"1,024,632","50,358","659,492","171,469",0,0,"7,976,839","388,388",5.12%
Camden,5080,Stratford Boro,"4,814,012","4,086,736",0,"235,217","202,610","437,575","137,797",0,0,"5,099,935","285,923",5.94%
Camden,5400,Voorhees Twp,"5,455,083","2,727,088",0,0,"602,456","1,699,913","236,331",0,0,"5,265,788","-189,295",-3.47%
Camden,5560,Waterford Twp,"12,599,907","10,246,188",0,"319,817","632,435","981,906","200,265",0,0,"12,380,611","-219,296",-1.74%
Camden,5820,Winslow Twp,"43,913,242","38,341,995",0,0,"1,156,164","3,378,505","1,389,418",0,0,"44,266,082","352,840",0.80%
Camden,5900,Woodlynne Boro,"7,461,899","7,079,084",0,0,"54,174","479,936","249,492",0,0,"7,862,686","400,787",5.37%
Cape May,170,Avalon Boro,"73,041",0,0,0,"28,649","36,286","4,841",0,0,"69,776","-3,265",-4.47%
Cape May,710,Cape May City,"548,386",0,0,"172,346","5,993","78,905","40,306","217,791",0,"515,341","-33,045",-6.03%
Cape May,720,Cape May Co Vocational,"1,396,049",0,0,0,0,"447,941","79,387","766,181","102,540","1,396,049",0,0.00%
Cape May,730,Cape May Point,"25,484",0,0,0,"1,796","5,348",368,"15,682",0,"23,194","-2,290",-8.99%
Cape May,1080,Dennis Twp,"5,805,257","1,063,893",0,0,"653,808","504,067","102,940","2,883,135",0,"5,207,843","-597,414",-10.29%
Cape May,2820,Lower Cape May Regional,"9,528,612","95,936",0,"1,216,728","1,178,704","862,052","350,566","5,037,595",0,"8,741,581","-787,031",-8.26%
Cape May,2840,Lower Twp,"9,894,237","5,202,298",0,"823,478","836,392","912,905","492,388","679,491",0,"8,946,952","-947,285",-9.57%
Cape May,3130,Middle Twp,"13,162,732","6,227,922",0,"235,912","1,570,041","1,437,131","608,776","2,689,853",0,"12,769,635","-393,097",-2.99%
Cape May,3680,North Wildwood City,"637,193",0,0,0,"49,582","156,877","67,830","314,153",0,"588,442","-48,751",-7.65%
Cape May,3780,Ocean City,"3,949,402",0,0,"2,629,127","252,189","805,507","203,070",0,0,"3,889,893","-59,509",-1.51%
Cape May,4700,Sea Isle City,"245,329",0,0,0,"96,010","65,411","16,305","55,553",0,"233,279","-12,050",-4.91%
Cape May,5060,Stone Harbor Boro,"52,341",0,0,0,"19,899","23,364","2,797","4,726",0,"50,786","-1,555",-2.97%
Cape May,5340,Upper Twp,"9,817,125","4,307,772",0,"452,239","1,445,583","1,280,868","179,311","1,548,830",0,"9,214,603","-602,522",-6.14%
Cape May,5610,West Cape May Boro,"647,503",0,0,"539,404","5,258","61,104","11,934",0,0,"617,700","-29,803",-4.60%
Cape May,5700,West Wildwood,"42,928",0,0,0,"6,184","32,825","3,044",0,0,"42,053",-875,-2.04%
Cape May,5790,Wildwood City,"4,993,657","863,844",0,0,"119,536","542,470","306,033","2,931,184",0,"4,763,067","-230,590",-4.62%
Cape May,5800,Wildwood Crest Boro,"693,621",0,0,"188,584","52,476","177,729","49,788","194,696",0,"663,273","-30,348",-4.38%
Cape May,5840,Woodbine Boro,"2,929,570","1,806,741",0,"21,250","164,200","150,703","94,856","685,541",0,"2,923,291","-6,279",-0.21%
Cumberland,540,Bridgeton City,"86,812,555","78,882,015","3,901,078",0,"1,037,407","4,870,215","2,711,965",0,0,"91,402,680","4,590,125",5.29%
Cumberland,950,Commercial Twp,"9,310,905","9,277,063",0,0,0,"189,620",0,0,0,"9,466,683","155,778",1.67%
Cumberland,995,Cumberland Co Vocational,"5,275,456","5,678,379",0,0,0,"479,308","160,459",0,0,"6,318,146","1,042,690",19.76%
Cumberland,997,Cumberland Regional,"12,891,242","10,259,801",0,"954,046","597,693","708,459","230,816",0,0,"12,750,815","-140,427",-1.09%
Cumberland,1020,Deerfield Twp,"2,629,347","2,320,668",0,0,"95,887","194,666","45,634",0,0,"2,656,855","27,508",1.05%
Cumberland,1120,Downe Twp,"1,788,499","1,148,599",0,"201,195","117,588","109,379","40,699","54,923",0,"1,672,383","-116,116",-6.49%
Cumberland,1460,Fairfield Twp,"6,106,657","5,178,123",0,0,"163,986","357,285","168,555","238,708",0,"6,106,657",0,0.00%
Cumberland,1820,Greenwich Twp,"414,507","189,820",0,0,"30,102","37,201","7,420","136,325",0,"400,868","-13,639",-3.29%
Cumberland,2270,Hopewell Twp,"3,465,942","2,720,941",0,0,"197,184","279,437","89,617","201,791",0,"3,488,970","23,028",0.66%
Cumberland,2570,Lawrence Twp,"6,300,372","5,213,334",0,"471,240","87,111","372,413","160,344",0,0,"6,304,442","4,070",0.06%
Cumberland,3050,Maurice River Twp,"4,854,652","3,565,907",0,"461,311","345,391","332,611","123,438",0,0,"4,828,658","-25,994",-0.54%
Cumberland,3230,Millville City,"67,197,040","50,022,584",0,0,"1,606,779","2,788,642","1,838,491","11,301,184",0,"67,557,680","360,640",0.54%
Cumberland,5070,Stow Creek Twp,"800,464","566,534",0,0,"55,120","88,149","17,125","36,606",0,"763,534","-36,930",-4.61%
Cumberland,5300,Upper Deerfield Twp,"6,800,705","5,941,599",0,0,"380,486","465,051","187,464",0,0,"6,974,600","173,895",2.56%
Cumberland,5390,Vineland City,"134,746,158","90,151,959",0,"32,724","4,794,073","5,294,946","3,354,282","31,132,988",0,"134,760,972","14,814",0.01%
Essex,250,Belleville Town,"28,335,839","25,275,095",0,0,"625,449","3,112,840","1,686,624",0,0,"30,700,008","2,364,169",8.34%
Essex,410,Bloomfield Twp,"27,671,326","22,132,098",0,0,"645,917","5,770,059","1,797,404",0,0,"30,345,478","2,674,152",9.66%
Essex,660,Caldwell-West Caldwell,"1,644,641",0,0,0,"342,698","1,257,414","226,292",0,0,"1,826,404","181,763",11.05%
Essex,760,Cedar Grove Twp,"1,044,907",0,0,0,"284,386","817,275","57,017",0,0,"1,158,678","113,771",10.89%
Essex,1210,East Orange,"175,087,372","134,162,325",0,0,"1,172,856","7,715,286","4,014,478","28,022,427",0,"175,087,372",0,0.00%
Essex,1390,Essex Co Voc-Tech,"22,149,572","20,522,221",0,0,0,"1,659,351","1,032,999",0,0,"23,214,571","1,064,999",4.81%
Essex,1400,Essex Fells Boro,"121,697",0,0,0,"9,597","112,659","16,768",0,0,"139,024","17,327",14.24%
Essex,1465,Fairfield Twp,"452,740",0,0,0,"148,937","341,251","12,368",0,0,"502,556","49,816",11.00%
Essex,1750,Glen Ridge Boro,"1,104,993",0,0,0,"123,908","958,949","147,881",0,0,"1,230,738","125,745",11.38%
Essex,2330,Irvington Township,"117,691,353","86,760,158",0,0,"1,164,430","6,835,301","3,649,144","22,051,380",0,"120,460,413","2,769,060",2.35%
Essex,2730,Livingston Twp,"4,137,165",0,0,0,"1,303,530","2,874,002","434,880",0,0,"4,612,412","475,247",11.49%
Essex,3190,Millburn Twp,"3,171,659",0,0,0,"788,722","2,341,288","389,098",0,0,"3,519,108","347,449",10.95%
Essex,3310,Montclair Town,"7,428,526",0,0,0,"1,175,389","5,352,479","755,225","322,539",0,"7,605,632","177,106",2.38%
Essex,3570,Newark City,"787,623,912","720,572,585",0,0,"8,523,133","45,823,149","24,632,298","12,840,459",0,"812,391,624","24,767,712",3.15%
Essex,3630,North Caldwell Boro,"401,829",0,0,0,"84,466","317,833","51,981",0,0,"454,280","52,451",13.05%
Essex,3750,Nutley Town,"7,599,452","4,878,663",0,0,"588,055","2,451,565","81,159",0,0,"7,999,442","399,990",5.26%
Essex,3880,City Of Orange Twp,"78,604,954","65,666,699","7,152,931",0,"1,195,106","4,633,802","2,473,511",0,0,"81,122,049","2,517,095",3.20%
Essex,4530,Roseland Boro,"331,216",0,0,0,"72,082","288,092","8,056",0,0,"368,230","37,014",11.18%
Essex,4900,South Orange-Maplewood,"5,033,885",0,0,0,"1,020,280","4,392,049","187,988",0,0,"5,600,317","566,432",11.25%
Essex,5370,Verona Boro,"1,287,737",0,0,0,"103,500","1,163,707","175,630",0,0,"1,442,837","155,100",12.04%
Essex,5630,West Essex Regional,"1,391,687",0,0,0,"479,086","1,044,551","29,634",0,0,"1,553,271","161,584",11.61%
Essex,5680,West Orange Town,"12,293,832","4,840,642",0,0,"3,033,009","4,159,988","1,866,353",0,0,"13,899,992","1,606,160",13.06%
Gloucester,860,Clayton Boro,"10,803,765","9,876,633",0,"95,670","289,926","1,061,043","269,252",0,0,"11,592,524","788,759",7.30%
Gloucester,870,Clearview Regional,"14,906,929","12,535,942",0,0,"440,789","1,418,100","196,159",0,0,"14,590,990","-315,939",-2.12%
Gloucester,1100,Deptford Twp,"25,513,472","21,524,670",0,"131,763","1,711,578","2,328,005","483,815",0,0,"26,179,831","666,359",2.61%
Gloucester,1180,East Greenwich Twp,"4,087,465","2,718,489",0,0,"593,363","1,082,596","106,343",0,0,"4,500,791","413,326",10.11%
Gloucester,1330,Elk Twp,"2,551,049","1,989,915",0,"143,759","148,655","195,091","66,201",0,0,"2,543,621","-7,428",-0.29%
Gloucester,1590,Franklin Twp,"9,274,364","7,628,286",0,0,"836,192","737,647","177,000",0,0,"9,379,125","104,761",1.13%
Gloucester,1715,Gateway Regional,"8,004,738","6,180,270",0,"700,992","502,794","581,865","192,533",0,0,"8,158,454","153,716",1.92%
Gloucester,1730,Glassboro,"14,754,327","14,597,332",0,"142,688",0,"92,586",0,0,0,"14,832,606","78,279",0.53%
Gloucester,1775,Gloucester Co Vocational,"8,379,681","7,683,609",0,0,0,"1,054,667","113,534",0,0,"8,851,810","472,129",5.63%
Gloucester,1830,Greenwich Twp,"1,089,802",0,0,0,"272,578","399,234","133,562","244,931",0,"1,050,305","-39,497",-3.62%
Gloucester,2070,Harrison Twp,"6,095,292","4,957,014",0,0,"153,456","800,303","107,201",0,0,"6,017,974","-77,318",-1.27%
Gloucester,2440,Kingsway Regional,"11,729,113","8,981,736",0,0,"1,518,262","2,148,364","232,812",0,0,"12,881,174","1,152,061",9.82%
Gloucester,2750,Logan Twp,"5,215,466","3,498,448",0,"10,139","314,926","768,262","129,058",0,0,"4,720,833","-494,633",-9.48%
Gloucester,2990,Mantua Twp,"6,136,081","5,201,864",0,0,"92,254","731,840","24,998",0,0,"6,050,956","-85,125",-1.39%
Gloucester,3280,Monroe Twp,"37,527,604","32,752,552",0,0,"2,064,093","3,586,669","1,005,014",0,0,"39,408,328","1,880,724",5.01%
Gloucester,3490,National Park Boro,"2,150,650","1,984,211",0,0,"15,950","152,723","63,683",0,0,"2,216,567","65,917",3.07%
Gloucester,3580,Newfield Boro,"1,504,442","1,277,997",0,0,"132,194","130,013","43,725",0,0,"1,583,929","79,487",5.28%
Gloucester,4020,Paulsboro Boro,"13,068,258","12,267,901",0,"72,675","179,476","715,226","498,216",0,0,"13,733,494","665,236",5.09%
Gloucester,4140,Pitman Boro,"9,585,915","7,117,182",0,0,"148,522","925,239","142,285","1,038,706",0,"9,371,934","-213,981",-2.23%
Gloucester,4880,South Harrison Twp,"1,692,928","992,141",0,"247,431","140,825","302,902","34,238",0,0,"1,717,537","24,609",1.45%
Gloucester,4940,Delsea Regional H.S Dist.,"14,016,426","12,014,766",0,"439,475","239,518","956,261","231,243",0,0,"13,881,263","-135,163",-0.96%
Gloucester,5120,Swedesboro-Woolwich,"7,578,556","5,910,622",0,0,"665,956","1,357,452","162,836",0,0,"8,096,866","518,310",6.84%
Gloucester,5500,Washington Twp,"48,629,792","37,764,814",0,0,"2,909,313","5,556,586","944,104",0,0,"47,174,817","-1,454,975",-2.99%
Gloucester,5590,Wenonah Boro,"483,014","308,080",0,0,0,"134,037",0,0,0,"442,117","-40,897",-8.47%
Gloucester,5620,West Deptford Twp,"12,952,046","10,173,361",0,0,"1,034,656","1,706,085","293,580",0,0,"13,207,682","255,636",1.97%
Gloucester,5740,Westville Boro,"2,679,067","2,509,203",0,0,"28,684","183,022","124,456",0,0,"2,845,365","166,298",6.21%
Gloucester,5860,Woodbury City,"13,061,553","11,891,034",0,"136,789","170,342","1,010,493","499,272",0,0,"13,707,930","646,377",4.95%
Gloucester,5870,Woodbury Heights Boro,"988,769","827,436",0,0,0,"134,019","3,952",0,0,"965,407","-23,362",-2.36%
Hudson,220,Bayonne City,"60,003,961","55,286,768",0,0,"403,763","6,370,555","3,438,877",0,0,"65,499,963","5,496,002",9.16%
Hudson,1200,East Newark Boro,"3,757,787","3,408,110",0,0,"16,052","310,863","173,154",0,0,"3,908,179","150,392",4.00%
Hudson,1850,Guttenberg Town,"7,566,110","6,203,359",0,0,"60,778","1,189,648","603,184",0,0,"8,056,969","490,859",6.49%
Hudson,2060,Harrison Town,"26,176,691","23,240,567",0,0,"157,728","1,907,024","979,214",0,0,"26,284,533","107,842",0.41%
Hudson,2210,Hoboken City,"9,941,346",0,0,"2,408,621","124,453","1,604,666","750,149","4,603,039",0,"9,490,928","-450,418",-4.53%
Hudson,2295,Hudson County Vocational,"22,358,116","19,771,331",0,0,"818,768","1,494,362","632,290",0,0,"22,716,751","358,635",1.60%
Hudson,2390,Jersey City,"406,904,292","270,661,365","125,411",0,"4,423,777","18,332,551","12,648,342","73,520,213",0,"379,711,659","-27,192,633",-6.68%
Hudson,2410,Kearny Town,"38,275,891","34,186,746",0,0,"239,445","5,200,975","2,040,647",0,0,"41,667,813","3,391,922",8.86%
Hudson,3610,North Bergen Twp,"61,239,183","52,876,513",0,0,"747,436","5,808,963","2,787,698",0,0,"62,220,610","981,427",1.60%
Hudson,4730,Secaucus Town,"1,642,573",0,0,0,"546,399","1,119,390","191,170",0,0,"1,856,959","214,386",13.05%
Hudson,5240,Union City,"190,188,699","177,430,170",0,0,"475,492","11,029,654","6,223,084",0,0,"195,158,400","4,969,701",2.61%
Hudson,5580,Weehawken Twp,"2,607,369",0,0,0,"150,232","900,996","351,824","1,095,930",0,"2,498,982","-108,387",-4.16%
Hudson,5670,West New York Town,"100,371,778","91,819,200",0,0,"928,926","6,886,808","3,601,834",0,0,"103,236,768","2,864,990",2.85%
Hunterdon,20,Alexandria Twp,"1,481,664","570,136",0,"199,680","193,439","396,410","42,678",0,0,"1,402,343","-79,321",-5.35%
Hunterdon,370,Bethlehem Twp,"1,506,188","863,571",0,"62,473","113,737","303,137","37,641",0,0,"1,380,559","-125,629",-8.34%
Hunterdon,430,Bloomsbury Boro,"845,861","617,333",0,"250,217",0,0,0,0,0,"867,550","21,689",2.56%
Hunterdon,670,Califon Boro,"311,992","128,351",0,"30,107","13,884","93,822","2,028",0,0,"268,192","-43,800",-14.04%
Hunterdon,910,Clinton Town,"1,306,579","673,606",0,"51,433","101,114","254,322","38,137","120,117",0,"1,238,729","-67,850",-5.19%
Hunterdon,920,Clinton Twp,"2,020,647",0,0,"232,745","655,670","1,012,993","95,566",0,0,"1,996,974","-23,673",-1.17%
Hunterdon,1040,Delaware Twp,"1,129,910",0,0,"275,362","167,383","267,084","34,010","318,795",0,"1,062,634","-67,276",-5.95%
Hunterdon,1050,Delaware Valley Regional,"3,858,416","2,819,452",0,0,"17,291","592,662","74,763",0,0,"3,504,168","-354,248",-9.18%
Hunterdon,1160,East Amwell Twp,"876,130",0,0,"327,024","181,957","280,435","37,939","46,879",0,"874,234","-1,896",-0.22%
Hunterdon,1376,South-Hunterdon,"2,367,203",0,0,"1,342,570","314,641","589,364","125,891",0,0,"2,372,466","5,263",0.22%
Hunterdon,1510,Flemington-Raritan Reg,"6,047,258","3,297,080",0,0,"297,208","2,087,364","140,035",0,0,"5,821,687","-225,571",-3.73%
Hunterdon,1600,Franklin Twp,"340,425",0,0,"89,466","49,027","209,050","16,949","2,057",0,"366,549","26,124",7.67%
Hunterdon,1680,Frenchtown Boro,"760,583","450,527",0,"67,448",0,"65,461",0,0,0,"583,436","-177,147",-23.29%
Hunterdon,1970,Hampton Boro,"917,383","637,112",0,"58,472","27,902","84,197","24,029",0,0,"831,712","-85,671",-9.34%
Hunterdon,2140,High Bridge Boro,"1,437,321","1,051,015",0,"20,977","14,338","273,011","34,384","23,008",0,"1,416,733","-20,588",-1.43%
Hunterdon,2220,Holland Twp,"1,814,732","1,168,023",0,"88,178","36,300","373,356","9,453",0,0,"1,675,310","-139,422",-7.68%
Hunterdon,2300,Hunterdon Central Reg,"5,680,990","3,053,948",0,"247,860","326,420","1,840,406","48,383",0,0,"5,517,017","-163,973",-2.89%
Hunterdon,2308,Hunterdon Co Vocational,"933,283","241,040",0,0,0,"158,471","31,411","442,144","60,217","933,283",0,0.00%
Hunterdon,2450,Kingwood Twp,"1,273,138","441,447",0,"141,545","166,282","259,824","31,021","140,295",0,"1,180,414","-92,724",-7.28%
Hunterdon,2590,Lebanon Boro,"201,651",0,0,"52,132","24,207","111,417","11,798",0,0,"199,554","-2,097",-1.04%
Hunterdon,2600,Lebanon Twp,"2,294,890","927,691",0,"328,698","320,578","448,913","54,166",0,0,"2,080,046","-214,844",-9.36%
Hunterdon,3180,Milford Boro,"329,997","181,211",0,"68,650",0,"52,412",0,0,0,"302,273","-27,724",-8.40%
Hunterdon,3660,N Hunt/Voorhees Regional,"5,455,854","3,205,036",0,0,"267,039","1,738,465","44,422",0,0,"5,254,962","-200,892",-3.68%
Hunterdon,4350,Readington Twp,"1,614,266",0,0,0,"394,345","1,245,301","69,578",0,0,"1,709,224","94,958",5.88%
Hunterdon,5180,Tewksbury Twp,"933,991",0,0,"330,361","173,355","390,528","56,555",0,0,"950,799","16,808",1.80%
Hunterdon,5270,Union Twp,"639,966",0,0,0,"233,413","358,106","36,554","14,726",0,"642,799","2,833",0.44%
Mercer,1245,East Windsor Regional,"24,011,724","18,505,200",0,0,"2,095,914","4,472,603","1,255,961",0,0,"26,329,678","2,317,954",9.65%
Mercer,1430,Ewing Twp,"12,150,645","8,277,957",0,0,"1,023,175","2,681,096","1,024,833",0,0,"13,007,061","856,416",7.05%
Mercer,1950,Hamilton Twp,"74,115,381","64,409,125",0,0,"1,446,373","8,198,284","630,559",0,0,"74,684,341","568,960",0.77%
Mercer,2280,Hopewell Valley Regional,"3,239,777",0,0,"319,831","760,010","2,448,855","62,529",0,0,"3,591,225","351,448",10.85%
Mercer,2580,Lawrence Twp,"3,948,118",0,0,0,"1,102,884","2,695,812","421,512",0,0,"4,220,208","272,090",6.89%
Mercer,3105,Mercer County Vocational,"2,622,910","2,278,667",0,0,0,"293,805","118,657","103,021",0,"2,794,150","171,240",6.53%
Mercer,4255,Princeton,"4,023,203",0,0,0,"869,413","2,804,966","371,547","107,606",0,"4,153,532","130,329",3.24%
Mercer,5210,Trenton City,"242,226,749","205,412,502",0,0,"4,524,728","13,190,389","7,239,256","20,438,575",0,"250,805,450","8,578,701",3.54%
Mercer,5510,Robbinsville Twp,"6,778,938","3,127,117",0,0,"1,168,077","2,787,359","259,044",0,0,"7,341,597","562,659",8.30%
Mercer,5715,W Windsor-Plainsboro Reg,"8,563,582","546,130",0,0,"1,898,118","6,662,079","173,051",0,0,"9,279,378","715,796",8.36%
Middlesex,750,Carteret Boro,"29,226,475","26,717,472",0,0,"511,027","2,809,761","1,526,650",0,0,"31,564,910","2,338,435",8.00%
Middlesex,970,Cranbury Twp,"581,747",0,0,0,"163,336","456,180","13,756",0,0,"633,272","51,525",8.86%
Middlesex,1140,Dunellen Boro,"7,638,769","7,068,999",0,0,"76,133","1,045,367","361,377",0,0,"8,551,876","913,107",11.95%
Middlesex,1170,East Brunswick Twp,"18,761,697","12,789,929",0,0,"1,491,445","5,355,986","176,418",0,0,"19,813,778","1,052,081",5.61%
Middlesex,1290,Edison Twp,"19,766,625","8,207,622",0,0,"4,964,654","8,719,977","1,078,233",0,0,"22,970,486","3,203,861",16.21%
Middlesex,2150,Highland Park Boro,"3,982,575","2,978,764",0,0,"240,771","901,509","47,872",0,0,"4,168,916","186,341",4.68%
Middlesex,2370,Jamesburg Boro,"5,859,136","5,314,510",0,0,"78,155","778,217","286,636",0,0,"6,457,518","598,382",10.21%
Middlesex,3120,Metuchen Boro,"1,369,754",0,0,0,"226,496","1,148,113","158,054",0,0,"1,532,663","162,909",11.89%
Middlesex,3140,Middlesex Boro,"9,578,943","8,289,671",0,0,"333,032","1,286,114","359,344",0,0,"10,268,161","689,218",7.20%
Middlesex,3150,Middlesex Co Vocational,"14,197,023","12,558,679",0,0,0,"1,421,678","592,489",0,0,"14,572,846","375,823",2.65%
Middlesex,3220,Milltown Boro,"1,482,795","618,592",0,0,"302,474","603,646","86,463",0,0,"1,611,175","128,380",8.66%
Middlesex,3290,Monroe Twp,"5,291,700",0,0,0,"2,753,019","3,058,774","103,764",0,0,"5,915,557","623,857",11.79%
Middlesex,3530,New Brunswick City,"133,216,698","124,587,722",0,0,"1,347,414","8,630,083","4,608,779",0,0,"139,173,998","5,957,300",4.47%
Middlesex,3620,North Brunswick Twp,"18,852,249","13,147,323",0,0,"2,310,618","5,372,023","1,619,505",0,0,"22,449,469","3,597,220",19.08%
Middlesex,3845,Old Bridge Twp,"44,170,566","34,752,494",0,0,"1,049,333","5,572,334","835,366",0,0,"42,209,527","-1,961,039",-4.44%
Middlesex,4090,Perth Amboy City,"168,100,857","145,430,252","11,689,337",0,"1,705,200","9,001,769","4,789,113",0,0,"172,615,671","4,514,814",2.69%
Middlesex,4130,Piscataway Twp,"19,574,029","11,746,094",0,0,"3,188,747","4,407,101","1,295,620",0,0,"20,637,562","1,063,533",5.43%
Middlesex,4660,Sayreville Boro,"25,454,867","18,960,941",0,0,"2,289,895","5,243,822","1,481,817",0,0,"27,976,475","2,521,608",9.91%
Middlesex,4830,South Amboy City,"6,627,860","5,719,489",0,0,"154,764","686,228","63,955","3,424",0,"6,627,860",0,0.00%
Middlesex,4860,South Brunswick Twp,"24,833,843","15,865,331",0,0,"2,155,118","5,479,892","183,321",0,0,"23,683,662","-1,150,181",-4.63%
Middlesex,4910,South Plainfield Boro,"9,284,240","6,455,470",0,0,"305,134","2,230,194","112,479",0,0,"9,103,277","-180,963",-1.95%
Middlesex,4920,South River Boro,"13,979,765","12,027,173",0,0,"502,357","1,910,698","645,142",0,0,"15,085,370","1,105,605",7.91%
Middlesex,4970,Spotswood,"6,592,788","5,335,520",0,0,"236,772","990,548","160,684",0,0,"6,723,524","130,736",1.98%
Middlesex,5850,Woodbridge Twp,"33,947,560","26,307,356",0,0,"4,389,122","7,858,506","2,785,278",0,0,"41,340,262","7,392,702",21.78%
Monmouth,50,Allenhurst,"45,359",0,0,0,"19,617","2,702",388,"18,850",0,"41,557","-3,802",-8.38%
Monmouth,100,Asbury Park City,"53,166,244","28,163,553",0,0,"478,668","1,858,487","1,114,203","18,124,505",0,"49,739,416","-3,426,828",-6.45%
Monmouth,130,Atlantic Highlands Boro,"190,897",0,0,0,"20,451","160,426","22,613",0,0,"203,490","12,593",6.60%
Monmouth,180,Avon Boro,"195,349",0,0,0,"63,965","118,707","16,622",0,0,"199,294","3,945",2.02%
Monmouth,270,Belmar Boro,"964,473",0,0,0,"181,768","320,357","158,409","278,045",0,"938,579","-25,894",-2.69%
Monmouth,500,Bradley Beach Boro,"1,021,859",0,0,0,"85,575","221,110","134,097","518,546",0,"959,328","-62,531",-6.12%
Monmouth,560,Brielle Boro,"512,929",0,0,0,"121,923","425,390","14,351",0,0,"561,664","48,735",9.50%
Monmouth,945,Colts Neck Twp,"1,136,070",0,0,0,"344,119","749,811","89,090",0,0,"1,183,020","46,950",4.13%
Monmouth,1000,Deal Boro,"2,238,599",0,0,"1,946,822","31,046","150,346","18,769",0,0,"2,146,983","-91,616",-4.09%
Monmouth,1260,Eatontown Boro,"3,647,236","728,620",0,0,"259,295","753,200","284,164","1,335,917",0,"3,361,196","-286,040",-7.84%
Monmouth,1440,Fair Haven Boro,"535,188",0,0,0,"44,525","475,066","72,677",0,0,"592,268","57,080",10.67%
Monmouth,1490,Farmingdale Boro,"805,470","504,290",0,0,"5,923","94,325","27,049","174,253",0,"805,840",370,0.05%
Monmouth,1640,Freehold Boro,"13,862,567","12,668,954",0,0,"407,350","1,438,457","739,721",0,0,"15,254,482","1,391,915",10.04%
Monmouth,1650,Freehold Regional,"50,296,156","36,933,216",0,0,"1,816,395","7,030,185","735,594",0,0,"46,515,390","-3,780,766",-7.52%
Monmouth,1660,Freehold Twp,"4,527,805","1,100,169",0,0,"709,345","2,685,135","93,758",0,0,"4,588,407","60,602",1.34%
Monmouth,2105,Hazlet Twp,"12,550,373","9,990,391",0,0,"91,986","1,936,203","71,011",0,0,"12,089,591","-460,782",-3.67%
Monmouth,2120,Henry Hudson Regional,"767,898",0,0,0,"183,003","264,676","60,908","230,003",0,"738,590","-29,308",-3.82%
Monmouth,2160,Highlands Boro,"609,259",0,0,0,"42,233","155,353","58,540","307,198",0,"563,324","-45,935",-7.54%
Monmouth,2230,Holmdel Twp,"2,339,427",0,0,0,"721,124","1,722,321","139,118",0,0,"2,582,563","243,136",10.39%
Monmouth,2290,Howell Twp,"32,626,626","25,819,785",0,0,"903,761","3,740,074","517,479",0,0,"30,981,099","-1,645,527",-5.04%
Monmouth,2320,Interlaken,"65,117",0,0,0,"35,061","12,321","1,612","16,821",0,"65,815",698,1.07%
Monmouth,2400,Keansburg Boro,"26,538,616","16,973,265",0,0,"334,763","1,023,215","535,157","7,284,018",0,"26,150,418","-388,198",-1.46%
Monmouth,2430,Keyport Boro,"5,751,498","4,872,712",0,0,"39,799","569,435","277,906",0,0,"5,759,852","8,354",0.15%
Monmouth,2720,Little Silver Boro,"492,709",0,0,0,"71,696","412,311","64,328",0,0,"548,335","55,626",11.29%
Monmouth,2770,Long Branch City,"45,385,448","39,385,243",0,0,"1,003,772","4,321,902","2,387,836",0,0,"47,098,753","1,713,305",3.78%
Monmouth,2920,Manalapan-Englishtown Reg,"18,773,314","11,071,669",0,0,"1,968,298","3,767,124","427,473",0,0,"17,234,564","-1,538,750",-8.20%
Monmouth,2930,Manasquan Boro,"721,224",0,0,0,"76,841","569,110","83,868","20,596",0,"750,415","29,191",4.05%
Monmouth,3030,Marlboro Twp,"11,161,748","5,689,623",0,0,"1,189,069","3,375,643","349,448",0,0,"10,603,783","-557,965",-5.00%
Monmouth,3040,Matawan-Aberdeen Regional,"12,706,646","9,323,608",0,0,"849,277","2,297,673","173,621",0,0,"12,644,179","-62,467",-0.49%
Monmouth,3160,Middletown Twp,"17,167,245","966,925",0,0,"3,160,000","7,019,398","861,307","4,607,043",0,"16,614,673","-552,572",-3.22%
Monmouth,3200,Millstone Twp,"4,695,215","2,113,061",0,0,"921,823","1,263,326","160,905",0,0,"4,459,115","-236,100",-5.03%
Monmouth,3250,Monmouth Beach Boro,"180,433",0,0,0,"30,330","145,962","10,874",0,0,"187,166","6,733",3.73%
Monmouth,3260,Monmouth Co Vocational,"8,120,555","4,003,057",0,0,0,"1,572,980","208,928","1,568,727","766,863","8,120,555",0,0.00%
Monmouth,3270,Monmouth Regional,"3,205,090","299,370",0,0,"669,909","805,780","181,421","1,057,121",0,"3,013,601","-191,489",-5.98%
Monmouth,3500,Neptune City,"2,008,196","1,388,253",0,0,"56,921","348,450","33,720",0,0,"1,827,344","-180,852",-9.01%
Monmouth,3510,Neptune Twp,"31,484,609","24,633,298",0,0,"1,589,446","2,404,326","1,222,886",0,0,"29,849,956","-1,634,653",-5.19%
Monmouth,3810,Ocean Twp,"7,472,792",0,0,0,"1,729,784","2,526,776","552,389","2,376,876",0,"7,185,825","-286,967",-3.84%
Monmouth,3830,Oceanport Boro,"498,088",0,0,0,"92,108","399,674","20,253","19,855",0,"531,890","33,802",6.79%
Monmouth,4360,Red Bank Boro,"5,537,219","4,081,584",0,0,"189,188","1,208,304","634,293",0,0,"6,113,369","576,150",10.41%
Monmouth,4365,Red Bank Regional,"1,172,363","85,945",0,0,"329,380","628,369","149,757","20,284",0,"1,213,735","41,372",3.53%
Monmouth,4520,Roosevelt Boro,"979,481","459,853",0,"230,080","63,927","68,205","8,957",0,0,"831,022","-148,459",-15.16%
Monmouth,4570,Rumson Boro,"607,623",0,0,0,"112,978","481,487","77,327",0,0,"671,792","64,169",10.56%
Monmouth,4580,Rumson-Fair Haven Reg,"698,899",0,0,0,"266,811","494,140","15,063",0,0,"776,014","77,115",11.03%
Monmouth,4690,Sea Girt Boro,"129,193",0,0,0,"13,842","106,738","11,412",0,0,"131,992","2,799",2.17%
Monmouth,4760,Shore Regional,"549,018",0,0,0,"151,104","440,377","11,107",0,0,"602,588","53,570",9.76%
Monmouth,4770,Shrewsbury Boro,"286,834",0,0,0,"14,089","258,218","36,888","7,643",0,"316,838","30,004",10.46%
Monmouth,4840,Lake Como,"562,756","168,669",0,0,"78,805","132,338","47,816","92,301",0,"519,929","-42,827",-7.61%
Monmouth,4980,Spring Lake Boro,"233,324",0,0,0,"57,263","177,221","5,059",0,0,"239,543","6,219",2.67%
Monmouth,4990,Spring Lake Heights Boro,"370,318",0,0,0,"74,591","303,582","9,257",0,0,"387,430","17,112",4.62%
Monmouth,5185,Tinton Falls,"3,459,542",0,0,0,"982,013","986,472","196,966","1,173,919",0,"3,339,370","-120,172",-3.47%
Monmouth,5230,Union Beach,"8,144,561","7,112,376",0,0,"12,799","658,640","28,312",0,0,"7,812,127","-332,434",-4.08%
Monmouth,5310,Upper Freehold Regional,"5,844,706","2,901,193",0,"1,222,913","431,910","990,729","123,383",0,0,"5,670,128","-174,578",-2.99%
Monmouth,5420,Wall Twp,"4,030,939",0,0,0,"1,204,850","2,640,958","341,937",0,0,"4,187,745","156,806",3.89%
Monmouth,5640,West Long Branch Boro,"343,940",0,0,0,"74,264","306,637","12,310",0,0,"393,211","49,271",14.33%
Monmouth,5645,Loch Arbour,"3,944",0,0,0,"3,956",0,248,0,0,"4,204",260,6.59%
Morris,450,Boonton Town,"2,004,851","895,954",0,"43,929","58,651","959,170","238,909",0,0,"2,196,613","191,762",9.57%
Morris,460,Boonton Twp,"554,841",0,0,0,"138,307","446,220","13,027",0,0,"597,554","42,713",7.70%
Morris,630,Butler Boro,"2,110,420","1,350,253",0,"13,291","215,738","583,508","39,010",0,0,"2,201,800","91,380",4.33%
Morris,785,Sch Dist Of The Chathams,"2,690,817",0,0,0,"723,961","2,116,013","159,916",0,0,"2,999,890","309,073",11.49%
Morris,820,Chester Twp,"1,193,764",0,0,0,"269,121","920,640","62,405",0,0,"1,252,166","58,402",4.89%
Morris,1090,Denville Twp,"1,375,127",0,0,0,"295,264","1,172,772","29,235",0,0,"1,497,271","122,144",8.88%
Morris,1110,Dover Town,"28,147,192","26,204,578",0,0,"413,123","2,765,706","1,433,096",0,0,"30,816,503","2,669,311",9.48%
Morris,1190,East Hanover Twp,"789,453",0,0,0,"178,676","643,778","17,287",0,0,"839,741","50,288",6.37%
Morris,1530,Florham Park Boro,"621,870",0,0,0,"161,007","519,689","19,487",0,0,"700,183","78,313",12.59%
Morris,1990,Hanover Park Regional,"1,354,763",0,0,0,"640,159","811,744","25,177",0,0,"1,477,080","122,317",9.03%
Morris,2000,Hanover Twp,"1,031,052",0,0,0,"214,496","875,677","25,667",0,0,"1,115,840","84,788",8.22%
Morris,2010,Harding Township,"408,957",0,0,0,"319,770","91,287","32,259",0,0,"443,316","34,359",8.40%
Morris,2380,Jefferson Twp,"15,508,649","11,238,251",0,0,"636,026","2,137,733","303,337",0,0,"14,315,347","-1,193,302",-7.69%
Morris,2460,Kinnelon Boro,"1,722,414",0,0,0,"430,416","1,272,749","164,769",0,0,"1,867,934","145,520",8.45%
Morris,2650,Lincoln Park Boro,"1,702,606",0,0,0,"635,819","832,729","136,362","103,853",0,"1,708,763","6,157",0.36%
Morris,2870,Madison Boro,"1,523,524",0,0,0,"255,898","1,237,094","205,379",0,0,"1,698,371","174,847",11.48%
Morris,3090,Mendham Boro,"302,931",0,0,0,"47,259","252,229","35,667",0,0,"335,155","32,224",10.64%
Morris,3100,Mendham Twp,"570,352",0,0,0,"198,422","418,984","13,957",0,0,"631,363","61,011",10.70%
Morris,3240,Mine Hill Twp,"3,029,963","1,201,619",0,"1,167,808","171,868","348,338","41,980",0,0,"2,931,613","-98,350",-3.25%
Morris,3340,Montville Twp,"2,726,670",0,0,0,"1,018,949","1,918,057","70,614",0,0,"3,007,620","280,950",10.30%
Morris,3365,Morris County Vocational,"1,233,065","73,419",0,0,0,"606,331","90,697","474,062",0,"1,244,509","11,444",0.93%
Morris,3370,Morris Hills Regional,"8,100,974","3,725,355",0,"1,804,262","554,744","2,003,767","58,232",0,0,"8,146,360","45,386",0.56%
Morris,3380,Morris Plains Boro,"838,634",0,0,"204,012","95,804","566,520","15,093",0,0,"881,429","42,795",5.10%
Morris,3385,Morris School District,"7,228,022",0,0,"523,519","1,736,086","3,684,870","994,301","218,451",0,"7,157,227","-70,795",-0.98%
Morris,3410,Mount Arlington Boro,"615,365",0,0,0,"212,050","372,398","50,873",0,0,"635,321","19,956",3.24%
Morris,3450,Mount Olive Twp,"15,983,248","12,858,723",0,0,"1,067,482","2,959,145","106,585",0,0,"16,991,935","1,008,687",6.31%
Morris,3460,Mountain Lakes Boro,"837,405",0,0,0,"78,377","770,615","38,961",0,0,"887,953","50,548",6.04%
Morris,3520,Netcong Boro,"1,528,584","1,126,004",0,"149,081","18,938","264,802","69,911",0,0,"1,628,736","100,152",6.55%
Morris,3950,Parsippany-Troy Hills Twp,"5,530,152","92,029",0,0,"1,163,059","4,684,007","152,564",0,0,"6,091,659","561,507",10.15%
Morris,4000,Long Hill Twp,"737,138",0,0,0,"171,428","602,818","13,945",0,0,"788,191","51,053",6.93%
Morris,4080,Pequannock Twp,"2,268,496","406,379",0,"53,201","124,035","1,543,185","168,558",0,0,"2,295,358","26,862",1.18%
Morris,4330,Randolph Twp,"12,483,020","7,134,700",0,0,"1,249,097","3,234,926","103,893",0,0,"11,722,616","-760,404",-6.09%
Morris,4440,Riverdale Boro,"325,606",0,0,0,"90,222","260,790","11,114",0,0,"362,126","36,520",11.22%
Morris,4480,Rockaway Boro,"1,257,001","682,688",0,0,"60,781","476,643","74,022",0,0,"1,294,134","37,133",2.95%
Morris,4490,Rockaway Twp,"3,004,799","854,190",0,0,"549,225","1,598,023","50,153",0,0,"3,051,591","46,792",1.56%
Morris,4560,Roxbury Twp,"13,722,000","9,572,015",0,"309,388","558,875","2,433,575","61,433",0,0,"12,935,286","-786,714",-5.73%
Morris,5520,Washington Twp,"7,807,073","4,993,292",0,0,"457,507","1,591,751","176,840",0,0,"7,219,390","-587,683",-7.53%
Morris,5660,West Morris Regional,"4,328,796","313,431",0,0,"1,396,979","2,078,066","213,804","276,868",0,"4,279,148","-49,648",-1.15%
Morris,5770,Wharton Boro,"4,596,901","3,452,437",0,"482,612","62,576","647,293","242,102",0,0,"4,887,020","290,119",6.31%
Ocean,185,Barnegat Twp,"20,440,810","17,844,465",0,0,"599,234","1,970,452","119,745","2,039",0,"20,535,935","95,125",0.47%
Ocean,210,Bay Head Boro,"72,910",0,0,0,"8,849","61,597","4,291",0,0,"74,737","1,827",2.51%
Ocean,230,Beach Haven Boro,"236,588",0,0,"169,835",588,"42,028","3,321",0,0,"215,772","-20,816",-8.80%
Ocean,320,Berkeley Twp,"2,560,810",0,0,0,"831,890","1,344,828","425,151","71,463",0,"2,673,332","112,522",4.39%
Ocean,530,Brick Twp,"34,142,597","9,463,269",0,0,"4,922,064","5,784,673","1,672,094","9,558,603",0,"31,400,703","-2,741,894",-8.03%
Ocean,770,Central Regional,"4,256,787",0,0,"1,311,958","1,325,310","1,280,995","295,909","55,587",0,"4,269,759","12,972",0.30%
Ocean,1150,Eagleswood Twp,"679,821","447,437",0,0,"59,476","91,218","36,819","10,945",0,"645,895","-33,926",-4.99%
Ocean,2350,Island Heights Boro,"299,080",0,0,"173,716","11,068","69,263","9,976","31,349",0,"295,372","-3,708",-1.24%
Ocean,2360,Jackson Twp,"48,770,072","39,805,236",0,0,"601,355","5,211,500","854,977",0,0,"46,473,068","-2,297,004",-4.71%
Ocean,2480,Lacey Twp,"20,970,400","17,130,415",0,0,"228,519","2,504,516","483,794",0,0,"20,347,244","-623,156",-2.97%
Ocean,2500,Lakehurst Boro,"5,974,209","5,421,371",0,0,"70,662","346,881","135,295",0,0,"5,974,209",0,0.00%
Ocean,2520,Lakewood Twp,"23,465,461","14,958,782",0,0,"9,183,064","12,075,515","2,186,868",0,0,"38,404,229","14,938,768",63.66%
Ocean,2550,Lavallette Boro,"172,510",0,0,0,"56,079","98,154","15,724",0,0,"169,957","-2,553",-1.48%
Ocean,2690,Little Egg Harbor Twp,"9,395,550","5,995,899",0,0,"1,038,502","994,903","381,470","841,256",0,"9,252,030","-143,520",-1.53%
Ocean,2760,Long Beach Island,"787,180",0,0,"542,024","69,509","131,624","31,808",0,0,"774,965","-12,215",-1.55%
Ocean,2940,Manchester Twp,"5,406,832",0,0,0,"1,989,096","1,756,005","573,735","1,055,427",0,"5,374,263","-32,569",-0.60%
Ocean,3790,Ocean County Vocational,"5,585,095","2,014,757",0,0,0,"837,311","189,062","2,001,413","542,552","5,585,095",0,0.00%
Ocean,3800,Ocean Gate Boro,"953,863","822,824",0,0,"4,607","85,038","38,956",0,0,"951,425","-2,438",-0.26%
Ocean,3820,Ocean Twp,"6,534,846",0,0,0,"443,920","541,176","176,928","4,709,807",0,"5,871,831","-663,015",-10.15%
Ocean,4105,Pinelands Regional,"11,128,086","8,420,721",0,"63,477","898,788","1,098,899","387,815","223,813",0,"11,093,513","-34,573",-0.31%
Ocean,4190,Plumsted Twp,"11,386,005","9,373,592",0,"208,326",0,"975,623","23,602",0,0,"10,581,143","-804,862",-7.07%
Ocean,4210,Point Pleasant Boro,"5,813,354","3,597,140",0,0,"41,071","1,663,733","184,043",0,0,"5,485,987","-327,367",-5.63%
Ocean,4220,Point Pleasant Beach,"583,748",0,0,0,"71,924","443,836","74,652",0,0,"590,412","6,664",1.14%
Ocean,4710,Seaside Heights Boro,"1,049,577","290,304",0,"124,647","11,203","184,630","92,138","364,843",0,"1,067,765","18,188",1.73%
Ocean,4720,Seaside Park Boro,"151,067",0,0,0,"30,123","23,271","10,018","76,432",0,"139,844","-11,223",-7.43%
Ocean,4950,Southern Regional,"2,325,842",0,0,0,"630,356","1,667,070","204,023",0,0,"2,501,449","175,607",7.55%
Ocean,5020,Stafford Twp,"9,434,616","6,736,381",0,"294,442","507,193","1,288,981","238,635",0,0,"9,065,632","-368,984",-3.91%
Ocean,5190,Toms River Regional,"65,984,284","39,941,537",0,0,"5,458,073","9,865,327","2,538,055","5,400,794",0,"63,203,786","-2,780,498",-4.21%
Ocean,5220,Tuckerton Boro,"2,250,416","1,244,469",0,"387,252","35,403","207,010","51,045","255,174",0,"2,180,353","-70,063",-3.11%
Passaic,420,Bloomingdale Boro,"1,934,532","1,152,238",0,0,"102,123","557,300","16,458",0,0,"1,828,119","-106,413",-5.50%
Passaic,900,Clifton City,"35,056,868","26,203,933",0,0,"3,020,309","7,350,637","3,571,640",0,0,"40,146,519","5,089,651",14.52%
Passaic,1920,Haledon Boro,"7,565,433","7,062,469",0,0,"86,264","792,330","373,283",0,0,"8,314,346","748,913",9.90%
Passaic,2100,Hawthorne Boro,"3,036,150","656,999",0,0,"581,539","1,554,435","339,065",0,0,"3,132,038","95,888",3.16%
Passaic,2510,Lakeland Regional,"4,690,712","3,532,648",0,0,"106,500","687,768","19,744",0,0,"4,346,660","-344,052",-7.34%
Passaic,2700,Little Falls Twp,"633,506",0,0,0,"124,510","546,384","23,895",0,0,"694,789","61,283",9.67%
Passaic,3640,North Haledon Boro,"450,923",0,0,0,"85,420","377,038","23,855",0,0,"486,313","35,390",7.85%
Passaic,3970,Passaic City,"240,690,152","205,013,015","19,998,279",0,"1,978,076","12,147,460","6,745,057",0,0,"245,881,887","5,191,735",2.16%
Passaic,3980,Passaic Co Manchester Reg,"8,745,758","6,874,471",0,"1,151,935","214,979","743,489","302,486",0,0,"9,287,360","541,602",6.19%
Passaic,3990,Passaic Valley Regional,"1,174,612","140,892",0,0,"251,474","838,947","42,576",0,0,"1,273,889","99,277",8.45%
Passaic,3995,Passaic County Vocational,"26,433,633","25,578,562",0,0,0,"3,008,269","1,332,417",0,0,"29,919,248","3,485,615",13.19%
Passaic,4010,Paterson City,"426,013,595","394,892,774",0,0,"7,141,569","24,500,810","12,716,806",0,0,"439,251,959","13,238,364",3.11%
Passaic,4230,Pompton Lakes Boro,"4,226,372","3,206,582",0,"109,180","176,038","953,729","43,115",0,0,"4,488,644","262,272",6.21%
Passaic,4270,Prospect Park Boro,"8,637,034","8,085,625",0,0,"64,723","794,961","366,508",0,0,"9,311,817","674,783",7.81%
Passaic,4400,Ringwood Boro,"2,794,859","990,912",0,0,"573,133","983,693","98,526",0,0,"2,646,264","-148,595",-5.32%
Passaic,5200,Totowa Boro,"658,566",0,0,0,"150,414","492,225","74,363",0,0,"717,002","58,436",8.87%
Passaic,5440,Wanaque Boro,"2,428,209","1,685,969",0,0,"11,642","547,530","23,490",0,0,"2,268,631","-159,578",-6.57%
Passaic,5570,Wayne Twp,"5,160,491",0,0,0,"1,449,581","4,123,902","154,816",0,0,"5,728,299","567,808",11.00%
Passaic,5650,West Milford Twp,"14,195,759","9,338,521",0,0,"842,009","2,725,234","339,929",0,0,"13,245,693","-950,066",-6.69%
Passaic,5690,Woodland Park,"1,429,068","308,742",0,0,"175,601","782,458","264,037",0,0,"1,530,838","101,770",7.12%
Salem,60,Alloway Twp,"3,652,934","2,937,644",0,0,"218,309","370,315","47,622",0,0,"3,573,890","-79,044",-2.16%
Salem,1350,Elsinboro Twp,"1,063,848","339,059",0,"534,795","64,294","90,502","40,720","9,431",0,"1,078,801","14,953",1.41%
Salem,2800,Lower Alloways Creek,"838,552","421,194",0,0,"135,665","140,233","23,353","49,045",0,"769,490","-69,062",-8.24%
Salem,2950,Mannington Twp,"533,223","33,846",0,0,"117,432","106,577","29,905","202,672",0,"490,432","-42,791",-8.03%
Salem,3860,Oldmans Twp,"2,099,061","993,810",0,"602,388","136,526","159,315","44,735","201,840",0,"2,138,614","39,553",1.88%
Salem,4070,Penns Grv-Carney's Pt Reg,"22,989,912","21,065,660",0,0,"761,052","1,222,614","785,483",0,0,"23,834,809","844,897",3.68%
Salem,4075,Pennsville,"9,492,799","8,282,638",0,"180,403","528,133","1,010,823","67,439",0,0,"10,069,436","576,637",6.07%
Salem,4150,Pittsgrove Twp,"15,841,313","12,172,384",0,"1,483,374","838,537","1,251,682","343,038",0,0,"16,089,015","247,702",1.56%
Salem,4280,Quinton Twp,"3,530,041","2,710,834",0,"257,386","209,903","291,684","80,638",0,0,"3,550,445","20,404",0.58%
Salem,4630,Salem City,"16,678,731","13,376,688",0,"22,496","281,682","723,650","425,317","2,162,927",0,"16,992,760","314,029",1.88%
Salem,4640,Salem County Vocational,"5,090,706","4,731,974",0,0,0,"583,368","97,075",0,0,"5,412,417","321,711",6.32%
Salem,5320,Upper Pittsgrove Twp,"3,470,297","2,461,798",0,"199,022","271,073","300,139","55,469",0,0,"3,287,501","-182,796",-5.27%
Salem,5910,Woodstown-Pilesgrove Reg,"7,067,286","5,585,082",0,0,"376,448","735,403","191,878","239,662",0,"7,128,473","61,187",0.87%
Somerset,240,Bedminster Twp,"770,329",0,0,0,"217,074","538,978","66,237",0,0,"822,289","51,960",6.75%
Somerset,350,Bernards Twp,"4,195,657",0,0,0,"1,296,717","3,268,458","101,447",0,0,"4,666,622","470,965",11.23%
Somerset,490,Bound Brook Boro,"13,795,918","12,596,837",0,"426,983","124,699","1,574,377","784,650",0,0,"15,507,546","1,711,628",12.41%
Somerset,510,Branchburg Twp,"2,265,302",0,0,0,"708,668","1,501,099","193,608",0,0,"2,403,375","138,073",6.10%
Somerset,555,Bridgewater-Raritan Reg,"10,035,953","2,018,666",0,0,"1,656,687","6,071,821","683,937",0,0,"10,431,111","395,158",3.94%
Somerset,1610,Franklin Twp,"13,966,339","5,706,043",0,0,"1,634,154","5,109,930","1,581,446",0,0,"14,031,573","65,234",0.47%
Somerset,1810,Green Brook Twp,"1,129,213",0,0,0,"289,595","884,647","48,339",0,0,"1,222,581","93,368",8.27%
Somerset,2170,Hillsborough Twp,"24,926,258","18,648,011",0,0,"968,117","4,589,091","194,605",0,0,"24,399,824","-526,434",-2.11%
Somerset,3000,Manville Boro,"9,335,032","8,377,776",0,0,"95,941","1,352,887","468,818",0,0,"10,295,422","960,390",10.29%
Somerset,3320,Montgomery Twp,"4,488,956",0,0,0,"1,389,953","3,123,628","395,031",0,0,"4,908,612","419,656",9.35%
Somerset,3670,North Plainfield Boro,"27,094,615","25,926,838",0,0,"314,548","2,219,988","1,337,265",0,0,"29,798,639","2,704,024",9.98%
Somerset,4810,Somerset Co Vocational,"1,428,562","580,221",0,0,0,"389,105","64,725","273,589","120,922","1,428,562",0,0.00%
Somerset,4815,Somerset Hills Regional,"1,299,065",0,0,0,"517,812","807,482","130,156",0,0,"1,455,450","156,385",12.04%
Somerset,4820,Somerville Boro,"6,820,299","5,463,172",0,0,"204,865","1,448,667","443,956",0,0,"7,560,660","740,361",10.86%
Somerset,4850,South Bound Brook,"3,627,680","3,099,680",0,0,"64,547","342,553","174,283",0,0,"3,681,063","53,383",1.47%
Somerset,5470,Warren Twp,"1,504,714",0,0,0,"387,630","1,235,969","34,560",0,0,"1,658,159","153,445",10.20%
Somerset,5540,Watchung Boro,"548,036",0,0,0,"160,229","420,137","12,631",0,0,"592,997","44,961",8.20%
Somerset,5550,Watchung Hills Regional,"1,449,867",0,0,0,"616,602","889,679","83,096",0,0,"1,589,377","139,510",9.62%
Sussex,90,Andover Reg,"2,258,513","28,208",0,"53,132","542,672","532,625","61,429","891,872",0,"2,109,938","-148,575",-6.58%
Sussex,640,Byram Twp,"3,798,943","2,249,745",0,"345,566","232,137","542,873","70,573",0,0,"3,440,894","-358,049",-9.43%
Sussex,1560,Frankford Twp,"1,889,426","3,996",0,0,"253,966","412,297","48,682","1,016,545",0,"1,735,486","-153,940",-8.15%
Sussex,1570,Franklin Boro,"3,255,462","2,680,420",0,0,"49,243","303,322","95,302","147,715",0,"3,276,002","20,540",0.63%
Sussex,1630,Fredon Twp,"520,109","242,661",0,0,"33,235","183,763","25,900",0,0,"485,559","-34,550",-6.64%
Sussex,1800,Green Twp,"2,629,614","756,693",0,"598,365","403,787","424,190","50,903","421,916",0,"2,655,854","26,240",1.00%
Sussex,1930,Hamburg Boro,"1,561,588","750,879",0,0,"44,903","197,985","30,047","447,376",0,"1,471,190","-90,398",-5.79%
Sussex,1980,Hampton Twp,"1,210,255","655,394",0,0,"167,978","239,718","32,162","17,495",0,"1,112,747","-97,508",-8.06%
Sussex,2030,Hardyston Twp,"2,104,821",0,0,"103,046","452,207","461,016","61,773","895,852",0,"1,973,894","-130,927",-6.22%
Sussex,2165,High Point Regional,"6,137,422","4,071,988",0,"49,793","748,822","702,032","86,130",0,0,"5,658,765","-478,657",-7.80%
Sussex,2240,Hopatcong,"10,728,888","5,217,357",0,0,"668,951","1,307,036","232,284","2,211,260",0,"9,636,888","-1,092,000",-10.18%
Sussex,2465,Kittatinny Regional,"5,874,492","3,430,734",0,"245,129","630,048","691,576","86,912","285,820",0,"5,370,219","-504,273",-8.58%
Sussex,2490,Lafayette Twp,"834,527","47,971",0,"380,970","107,714","138,078","17,295","95,526",0,"787,554","-46,973",-5.63%
Sussex,2615,Lenape Valley Regional,"4,930,905","3,502,802",0,"662,154","177,329","464,408","20,481",0,0,"4,827,174","-103,731",-2.10%
Sussex,3300,Montague Twp,"2,591,129","1,807,057",0,0,"326,614","257,132","100,706",0,0,"2,491,509","-99,620",-3.85%
Sussex,3590,Newton Town,"6,466,266","6,006,859",0,"20,988","229,942","596,193","221,598",0,0,"7,075,580","609,314",9.42%
Sussex,3840,Ogdensburg Boro,"2,214,278","1,369,767",0,"299,034","17,372","162,828","27,247","245,583",0,"2,121,831","-92,447",-4.18%
Sussex,4650,Sandyston-Walpack Twp,"560,946","430,073",0,0,"5,430","87,136","2,651",0,0,"525,290","-35,656",-6.36%
Sussex,4960,Sparta Twp,"5,899,934","2,384,116",0,0,"1,128,376","2,030,137","252,688",0,0,"5,795,317","-104,617",-1.77%
Sussex,5030,Stanhope Boro,"1,464,184","1,096,468",0,0,"21,534","241,435","33,994",0,0,"1,393,431","-70,753",-4.83%
Sussex,5040,Stillwater Twp,"1,719,362","1,031,570",0,0,"151,123","211,181","33,792","117,103",0,"1,544,769","-174,593",-10.15%
Sussex,5100,Sussex-Wantage Regional,"7,484,016","5,244,425",0,"3,391","784,782","833,307","155,733",0,0,"7,021,638","-462,378",-6.18%
Sussex,5110,Sussex County Vocational,"4,197,167","2,460,033",0,0,0,"413,134","74,363","1,025,246","224,391","4,197,167",0,0.00%
Sussex,5360,Vernon Twp,"24,108,189","14,888,366",0,"97,041","2,202,151","2,545,581","341,922","2,566,030",0,"22,641,091","-1,467,098",-6.09%
Sussex,5435,Wallkill Valley Regional,"4,529,407","2,938,820",0,"29,818","508,608","525,097","67,325","280,521",0,"4,350,189","-179,218",-3.96%
Union,310,Berkeley Heights Twp,"1,563,766",0,0,0,"470,303","1,216,846","40,882",0,0,"1,728,031","164,265",10.50%
Union,850,Clark Twp,"1,288,480",0,0,0,"256,592","1,121,208","55,181",0,0,"1,432,981","144,501",11.21%
Union,980,Cranford Twp,"2,624,844","88,682",0,0,"354,868","2,304,623","92,830",0,0,"2,841,003","216,159",8.24%
Union,1320,Elizabeth City,"390,533,502","336,807,690","28,521,068",0,"5,189,194","22,973,894","12,177,900",0,0,"405,669,746","15,136,244",3.88%
Union,1710,Garwood Boro,"504,445","77,425",0,0,"88,326","342,950","11,310","3,963",0,"523,974","19,529",3.87%
Union,2190,Hillside Twp,"23,100,991","21,160,214",0,0,"460,771","1,827,031","1,089,465",0,0,"24,537,481","1,436,490",6.22%
Union,2420,Kenilworth Boro,"6,373,846","2,705,605",0,"2,012,688","173,781","1,218,446","214,451",0,0,"6,324,971","-48,875",-0.77%
Union,2660,Linden City,"27,271,568","22,671,432",0,0,"1,068,441","5,173,982","2,026,603",0,0,"30,940,458","3,668,890",13.45%
Union,3470,Mountainside Boro,"763,171",0,0,0,"307,722","513,853","19,731",0,0,"841,306","78,135",10.24%
Union,3560,New Providence Boro,"1,445,115",0,0,0,"250,347","1,172,332","186,941",0,0,"1,609,620","164,505",11.38%
Union,4160,Plainfield City,"132,241,297","114,218,804","11,009,173",0,"1,835,983","9,005,908","4,765,864",0,0,"140,835,732","8,594,435",6.50%
Union,4290,Rahway City,"22,467,291","20,072,650",0,0,"916,421","2,263,445","1,032,364",0,0,"24,284,880","1,817,589",8.09%
Union,4540,Roselle Boro,"25,552,835","24,671,039",0,0,"137,828","1,836,297","1,283,877",0,0,"27,929,041","2,376,206",9.30%
Union,4550,Roselle Park Boro,"11,511,568","10,445,121",0,0,"128,375","1,320,686","443,400",0,0,"12,337,582","826,014",7.18%
Union,4670,Scotch Plains-Fanwood Reg,"3,596,939",0,0,0,"792,773","3,115,770","98,844",0,0,"4,007,387","410,448",11.41%
Union,5000,Springfield Twp,"1,946,555",0,0,"457,588","408,453","1,010,328","211,617",0,0,"2,087,986","141,431",7.27%
Union,5090,Summit City,"2,315,064",0,0,0,"203,264","1,972,513","391,879",0,0,"2,567,656","252,592",10.91%
Union,5260,Union County Vocational,"9,453,475","8,567,034",0,0,0,"1,665,799","201,372",0,0,"10,434,205","980,730",10.37%
Union,5290,Union Twp,"32,684,260","25,765,094",0,0,"1,894,809","4,934,707","423,870",0,0,"33,018,480","334,220",1.02%
Union,5730,Westfield Town,"3,828,581",0,0,0,"575,681","3,267,760","437,833",0,0,"4,281,274","452,693",11.82%
Union,5810,Winfield Twp,"1,807,799","1,323,509",0,"212,774","60,297","163,663","37,248",0,0,"1,797,491","-10,308",-0.57%
Warren,30,Allamuchy Twp,"614,633",0,0,0,"277,862","346,296","37,450",0,0,"661,608","46,975",7.64%
Warren,70,Alpha Boro,"1,959,778","1,668,426",0,0,"73,684","199,203","10,077",0,0,"1,951,390","-8,388",-0.43%
Warren,280,Belvidere Town,"2,918,370","2,581,559",0,0,"14,798","295,639","58,460",0,0,"2,950,456","32,086",1.10%
Warren,400,Blairstown Twp,"1,909,932","1,214,163",0,0,"83,167","351,956","52,071","45,129",0,"1,746,486","-163,446",-8.56%
Warren,1620,Franklin Twp,"724,652","496,790",0,0,"16,087","147,307","4,013",0,0,"664,197","-60,455",-8.34%
Warren,1670,Frelinghuysen Twp,"585,122","274,195",0,0,"81,177","122,858","12,976","46,562",0,"537,768","-47,354",-8.09%
Warren,1785,Great Meadows Regional,"5,688,726","4,134,864",0,0,"147,093","763,471","105,232",0,0,"5,150,660","-538,066",-9.46%
Warren,1840,Greenwich Twp,"5,945,768","4,570,749",0,"226,325","134,082","699,575","90,234",0,0,"5,720,965","-224,803",-3.78%
Warren,1870,Hackettstown,"6,426,737","5,311,050",0,"21,376","172,880","1,239,747","292,321",0,0,"7,037,374","610,637",9.50%
Warren,2040,Harmony Twp,"407,195",0,0,0,"146,873","233,650","31,434",0,0,"411,957","4,762",1.17%
Warren,2250,Hope Twp,"937,619","601,436",0,0,"63,460","167,533","22,505",0,0,"854,934","-82,685",-8.82%
Warren,2470,Knowlton Twp,"1,343,187","969,131",0,0,"90,234","145,196","24,644",0,0,"1,229,205","-113,982",-8.49%
Warren,2790,Lopatcong Twp,"3,646,410","2,551,704",0,"166,941","114,378","704,190","26,030",0,0,"3,563,243","-83,167",-2.28%
Warren,2970,Mansfield Twp,"3,734,541","2,979,731",0,0,"273,159","417,072","85,007",0,0,"3,754,969","20,428",0.55%
Warren,3675,North Warren Regional,"4,784,440","3,710,618",0,"14,164","24,106","607,635","79,019",0,0,"4,435,542","-348,898",-7.29%
Warren,3890,Oxford Twp,"2,720,596","2,142,884",0,"166,736","157,585","271,037","35,263",0,0,"2,773,505","52,909",1.95%
Warren,4100,Phillipsburg Town,"38,053,231","25,858,460",0,"12,078","611,311","1,395,514","995,480","9,777,099",0,"38,649,942","596,711",1.57%
Warren,4200,Pohatcong Twp,"1,814,646","1,420,213",0,0,"84,857","268,769","34,353",0,0,"1,808,192","-6,454",-0.36%
Warren,5460,Warren County Vocational,"3,307,006","2,796,657",0,0,"212,027","302,273","27,869",0,0,"3,338,826","31,820",0.96%
Warren,5465,Warren Hills Regional,"10,806,089","9,287,689",0,0,"380,381","1,041,953","46,884",0,0,"10,756,907","-49,182",-0.46%
Warren,5480,Washington Boro,"2,916,417","2,649,033",0,0,"27,569","295,505","96,092",0,0,"3,068,199","151,782",5.20%
Warren,5530,Washington Twp,"2,517,485","1,647,617",0,0,"258,367","351,820","49,011",0,0,"2,306,815","-210,670",-8.37%
Warren,5780,White Twp,"1,654,954","581,054",0,0,"249,609","335,067","49,562","300,512",0,"1,515,804","-139,150",-8.41%