COUNTY,DISTRICT_NAME,DIST_CODE,K-12_2012-2013_TOTAL_AID,EQUALIZATION_AID,EDUCATIONAL_ADEQUACY_AID,CHOICE_AID,TRANSPORTATION_AID,SPECIAL_EDUCATION_CATEGORICAL_AID,SECURITY_AID,ADJUSTMENT_AID,UNDER_ADEQUACY_AID,SUPPLEMENTAL_ENROLLMENT_GROWTH_AID,ADDITIONAL_ADJUSTMENT_AID,K-12_2013-2014_TOTAL_AID,ONE_YEAR_AID_CHANGE,%_AID_CHANGE
ATLANTIC,ABSECON CITY,10,"1,421,551","810,011",0,0,"59,759","507,050","44,731",0,"77,534",0,0,"1,499,085","77,534",5.5
ATLANTIC,ATLANTIC CITY,110,"15,187,757","2,333,506",0,0,"1,236,828","3,607,799","2,474,835","7,791,462",0,0,0,"17,444,430","2,256,673",14.9
ATLANTIC,ATLANTIC CO VOCATIONAL,120,"3,631,706","3,120,415",0,0,0,"448,112","63,177",0,0,0,2,"3,631,706",0,0
ATLANTIC,BRIGANTINE CITY,570,"2,256,434",0,0,0,"498,223","520,704","195,858","1,059,602",0,0,0,"2,274,387","17,953",0.8
ATLANTIC,BUENA REGIONAL,590,"19,037,422","17,468,408",0,0,"207,040","1,134,901","556,813",0,0,0,0,"19,367,162","329,740",1.7
ATLANTIC,CORBIN CITY,960,"683,496","396,300",0,0,"71,774","40,144","10,631","178,412",0,0,0,"697,261","13,765",2
ATLANTIC,EGG HARBOR CITY,1300,"5,079,882","4,869,266",0,0,"22,670","262,402","37,224",0,0,0,0,"5,191,562","111,680",2.2
ATLANTIC,EGG HARBOR TWP,1310,"39,807,390","33,108,509",0,0,"775,825","4,392,582","1,530,474",0,"70,558",0,0,"39,877,948","70,558",0.2
ATLANTIC,ESTELL MANOR CITY,1410,"2,007,358","1,604,758",0,"203,090","45,514","167,247","36,675","19,046",0,0,0,"2,076,330","68,972",3.4
ATLANTIC,FOLSOM BORO,1540,"5,387,456","4,162,988",0,"965,006","47,531","275,873","78,228",0,"30,122",0,0,"5,559,748","172,292",3.2
ATLANTIC,GALLOWAY TWP,1690,"23,271,052","20,530,313",0,0,"339,014","1,973,337","730,204",0,0,0,0,"23,572,868","301,816",1.3
ATLANTIC,GREATER EGG HARBOR REG,1790,"30,670,338","27,912,902",0,0,"387,362","2,194,969","664,767",0,0,0,0,"31,160,000","489,662",1.6
ATLANTIC,HAMILTON TWP,1940,"22,546,690","19,321,187",0,0,"728,399","1,746,258","764,626",0,"135,379",0,0,"22,695,849","149,159",0.7
ATLANTIC,HAMMONTON TOWN,1960,"13,900,319","11,214,703",0,"1,630,286","132,393","1,396,079","129,159",0,"500,000",0,0,"15,002,620","1,102,301",7.9
ATLANTIC,LINWOOD CITY,2680,"1,528,336","128,197",0,0,"102,504","487,951","64,088","773,175",0,0,0,"1,555,915","27,579",1.8
ATLANTIC,LONGPORT,2780,"90,581",0,0,0,"20,603","33,477","4,191","32,446",0,0,0,"90,717",136,0.2
ATLANTIC,MAINLAND REGIONAL,2910,"7,191,084","6,193,426",0,"357,624","72,655","887,145","37,858",0,0,0,0,"7,548,708","357,624",5
ATLANTIC,MARGATE CITY,3020,"532,979",0,0,0,"134,194","312,910","43,753","45,463",0,0,0,"536,320","3,341",0.6
ATLANTIC,MULLICA TWP,3480,"5,342,293","4,048,982",0,0,"231,267","361,974","145,886","554,184","11,546",0,0,"5,353,839","11,546",0.2
ATLANTIC,NORTHFIELD CITY,3720,"3,854,565","3,224,630",0,0,"12,735","592,343","24,856",0,"11,295",0,0,"3,865,859","11,294",0.3
ATLANTIC,PLEASANTVILLE CITY,4180,"63,970,810","46,591,510",0,0,"593,318","2,156,890","1,332,096","14,090,235",0,0,0,"64,764,049","793,239",1.2
ATLANTIC,PORT REPUBLIC CITY,4240,"960,357","239,382",0,"119,376","47,385","83,397","12,595","495,546",0,0,0,"997,681","37,324",3.9
ATLANTIC,SOMERS POINT CITY,4800,"5,587,740","4,959,725",0,0,"16,457","561,975","60,375",0,"12,194",0,0,"5,610,726","22,986",0.4
ATLANTIC,VENTNOR CITY,5350,"2,067,584",0,0,0,"328,572","693,629","344,762","700,622",0,0,0,"2,067,585",1,0
ATLANTIC,WEYMOUTH TWP,5760,"2,366,620","1,748,871",0,0,"157,135","165,399","51,597","241,451",0,0,"2,167","2,366,620",0,0
BERGEN,ALLENDALE BORO,40,"318,578",0,0,0,"4,330","301,541","12,706",0,0,0,1,"318,578",0,0
BERGEN,ALPINE BORO,80,"138,985",0,0,0,"48,806","74,257","15,923",0,0,0,0,"138,986",1,0
BERGEN,BERGEN COUNTY VOCATIONAL,290,"5,608,133",0,0,0,0,"1,243,499","170,378","4,194,257",0,0,0,"5,608,134",1,0
BERGEN,BERGENFIELD BORO,300,"10,473,806","8,165,600",0,"163,137","80,089","2,072,512","155,605",0,0,0,0,"10,636,943","163,137",1.6
BERGEN,BOGOTA BORO,440,"5,584,459","4,656,216",0,"11,146","47,315","757,950","64,794",0,0,0,"47,038","5,584,459",0,0
BERGEN,CARLSTADT BORO,740,"240,026",0,0,0,"10,530","207,971","21,525",0,0,0,0,"240,026",0,0
BERGEN,CARLSTADT-EAST RUTHERFORD,745,"346,321",0,0,0,"28,233","305,342","16,537",0,0,0,0,"350,112","3,791",1.1
BERGEN,CLIFFSIDE PARK BORO,890,"3,286,450","1,544,866",0,0,"32,152","1,350,696","358,736",0,"268,344",0,0,"3,554,794","268,344",8.2
BERGEN,CLOSTER BORO,930,"413,323",0,0,0,"15,420","381,600","16,303",0,0,0,0,"413,323",0,0
BERGEN,CRESSKILL BORO,990,"710,279",0,0,0,"16,859","667,983","25,438",0,0,0,0,"710,280",1,0
BERGEN,DEMAREST BORO,1070,"310,114",0,0,0,"8,454","291,599","10,062",0,0,0,0,"310,115",1,0
BERGEN,DUMONT BORO,1130,"8,570,668","6,765,905",0,0,"42,792","1,714,909","47,063",0,0,0,0,"8,570,669",1,0
BERGEN,EAST RUTHERFORD BORO,1230,"581,724",0,0,0,"40,797","421,679","121,613",0,0,0,0,"584,089","2,365",0.4
BERGEN,EDGEWATER BORO,1270,"896,489",0,0,0,"113,998","487,053","40,295",0,"21,476","255,143",0,"917,965","21,476",2.4
BERGEN,ELMWOOD PARK,1345,"2,506,945","687,826",0,0,"118,200","1,525,984","174,935",0,"500,000",0,0,"3,006,945","500,000",19.9
BERGEN,EMERSON BORO,1360,"470,781",0,0,0,"29,805","421,733","19,244",0,0,0,0,"470,782",1,0
BERGEN,ENGLEWOOD CITY,1370,"9,410,122",0,0,"5,003,838","685,463","1,782,777","971,642","1,257,860",0,0,0,"9,701,580","291,458",3.1
BERGEN,ENGLEWOOD CLIFFS BORO,1380,"282,411",0,0,0,"37,453","237,308","7,650",0,0,0,0,"282,411",0,0
BERGEN,FAIR LAWN BORO,1450,"3,269,797","147,343",0,0,"198,378","2,837,781","86,295",0,0,0,0,"3,269,797",0,0
BERGEN,FAIRVIEW BORO,1470,"6,930,123","5,842,254",0,0,"31,122","947,543","109,205",0,"428,905",0,0,"7,359,029","428,906",6.2
BERGEN,FORT LEE BORO,1550,"1,946,449",0,0,0,"79,344","1,797,805","91,765",0,0,0,0,"1,968,914","22,465",1.2
BERGEN,FRANKLIN LAKES BORO,1580,"712,314",0,0,0,"54,533","625,156","18,589",0,0,0,"14,036","712,314",0,0
BERGEN,GARFIELD CITY,1700,"55,077,996","50,705,135",0,0,"715,197","2,849,228","1,540,806",0,0,0,0,"55,810,366","732,370",1.3
BERGEN,GLEN ROCK BORO,1760,"1,034,989",0,0,0,"23,922","976,359","34,708",0,0,0,0,"1,034,989",0,0
BERGEN,HACKENSACK CITY,1860,"12,713,580","9,445,263",0,0,"92,175","2,812,756","363,386",0,0,0,0,"12,713,580",0,0
BERGEN,HARRINGTON PARK BORO,2050,"275,739","2,401",0,0,"4,026","259,783","9,528",0,0,0,1,"275,739",0,0
BERGEN,HASBROUCK HEIGHTS BORO,2080,"1,089,910","16,038",0,0,"35,899","997,404","40,567",0,"14,450",0,1,"1,104,359","14,449",1.3
BERGEN,HAWORTH BORO,2090,"201,547",0,0,0,"6,531","186,749","6,257",0,0,0,"2,010","201,547",0,0
BERGEN,HILLSDALE BORO,2180,"802,759","12,167",0,0,"31,235","715,195","20,423",0,0,0,"23,739","802,759",0,0
BERGEN,HO HO KUS BORO,2200,"448,291",0,0,0,"46,443","374,865","12,726",0,0,0,"14,257","448,291",0,0
BERGEN,LEONIA BORO,2620,"3,537,623","2,619,846",0,0,"8,871","885,744","23,162",0,0,0,0,"3,537,623",0,0
BERGEN,LITTLE FERRY BORO,2710,"1,438,040","539,377",0,0,"72,867","783,657","42,140",0,0,0,0,"1,438,041",1,0
BERGEN,LODI BOROUGH,2740,"14,222,138","11,767,636",0,0,"133,818","2,096,287","224,397",0,"76,849",0,0,"14,298,987","76,849",0.5
BERGEN,LYNDHURST TWP,2860,"1,964,780","419,196",0,0,"53,694","1,426,063","65,826",0,0,0,1,"1,964,780",0,0
BERGEN,MAHWAH TWP,2900,"2,246,181",0,0,0,"253,921","1,940,400","51,859",0,0,0,1,"2,246,181",0,0
BERGEN,MAYWOOD BORO,3060,"1,143,660","336,696",0,0,"48,311","739,286","19,367",0,0,0,0,"1,143,660",0,0
BERGEN,MIDLAND PARK BORO,3170,"591,146","35,213",0,0,"19,908","519,994","16,031",0,0,0,0,"591,146",0,0
BERGEN,MONTVALE BORO,3330,"480,839",0,0,0,"42,956","421,489","16,394",0,0,0,0,"480,839",0,0
BERGEN,MOONACHIE BORO,3350,"385,967",0,0,0,"85,776","212,409","71,280","16,590",0,0,0,"386,055",88,0
BERGEN,NEW MILFORD BORO,3550,"1,728,705","323,334",0,0,"71,767","1,292,035","41,569",0,0,0,0,"1,728,705",0,0
BERGEN,NORTH ARLINGTON BORO,3600,"1,746,698","690,197",0,0,"31,715","983,678","41,109",0,0,0,0,"1,746,699",1,0
BERGEN,NORTHERN HIGHLANDS REG,3700,"562,356",0,0,0,"90,004","394,722","77,630",0,0,0,0,"562,356",0,0
BERGEN,NORTHERN VALLEY REGIONAL,3710,"1,167,268",0,0,0,"81,334","1,048,065","37,869",0,0,0,0,"1,167,268",0,0
BERGEN,NORTHVALE BORO,3730,"217,867",0,0,0,"7,388","203,208","7,270",0,0,0,1,"217,867",0,0
BERGEN,NORWOOD BORO,3740,"388,235",0,0,0,"14,300","361,270","8,745",0,0,0,"3,920","388,235",0,0
BERGEN,OAKLAND BORO,3760,"633,927",0,0,0,"53,802","554,666","25,460",0,0,0,0,"633,928",1,0
BERGEN,OLD TAPPAN BORO,3850,"356,093",0,0,0,"17,546","327,148","11,399",0,0,0,0,"356,093",0,0
BERGEN,ORADELL BORO,3870,"328,932",0,0,0,"6,013","311,029","11,890",0,0,0,0,"328,932",0,0
BERGEN,PALISADES PARK,3910,"1,866,907","725,995",0,0,"14,322","941,377","61,651","10,501","103,841",0,"9,220","1,866,907",0,0
BERGEN,PARAMUS BORO,3930,"1,924,625",0,0,0,"193,920","1,670,173","60,533",0,0,0,0,"1,924,626",1,0
BERGEN,PARK RIDGE BORO,3940,"551,658",0,0,0,"19,269","512,439","19,950",0,0,0,0,"551,658",0,0
BERGEN,PASCACK VALLEY REGIONAL,3960,"1,069,240",0,0,0,"95,402","942,532","31,308",0,0,0,0,"1,069,242",2,0
BERGEN,RAMAPO-INDIAN HILL REG,4300,"1,204,270",0,0,0,"180,805","988,324","35,141",0,0,0,0,"1,204,270",0,0
BERGEN,RAMSEY BORO,4310,"1,240,576",0,0,0,"73,635","1,124,738","42,203",0,0,0,0,"1,240,576",0,0
BERGEN,RIDGEFIELD BORO,4370,"2,524,184","1,498,795",0,0,"17,753","965,221","42,414",0,"11,745",0,0,"2,535,928","11,744",0.5
BERGEN,RIDGEFIELD PARK TWP,4380,"4,746,399","3,432,294",0,0,"46,216","1,167,201","100,688",0,"114,282",0,0,"4,860,681","114,282",2.4
BERGEN,RIDGEWOOD VILLAGE,4390,"2,015,886",0,0,0,"116,741","1,812,959","86,186",0,0,0,0,"2,015,886",0,0
BERGEN,RIVER DELL REGIONAL,4405,"632,193",0,0,0,"33,530","573,018","25,643",0,0,0,2,"632,193",0,0
BERGEN,RIVER EDGE BORO,4410,"424,631",0,0,0,"2,540","404,603","17,489",0,"23,482",0,0,"448,114","23,483",5.5
BERGEN,RIVER VALE TWP,4430,"440,455",0,0,0,"23,548","397,703","19,204",0,0,0,0,"440,455",0,0
BERGEN,ROCHELLE PARK TWP,4470,"438,225",0,0,0,"27,358","366,046","46,303",0,0,0,0,"439,707","1,482",0.3
BERGEN,ROCKLEIGH,4500,"14,231",0,0,0,"14,231",0,0,0,0,0,0,"14,231",0,0
BERGEN,RUTHERFORD BORO,4600,"2,398,810","844,984",0,0,"33,967","1,481,725","38,134",0,0,0,0,"2,398,810",0,0
BERGEN,SADDLE BROOK TWP,4610,"1,073,156","18,383",0,0,"50,831","964,917","39,026",0,0,0,0,"1,073,157",1,0
BERGEN,SADDLE RIVER BORO,4620,"202,026",0,0,0,"66,671","104,971","30,383",0,0,0,1,"202,026",0,0
BERGEN,SOUTH HACKENSACK TWP,4870,"235,397",0,0,0,"13,033","203,132","20,749",0,0,0,0,"236,914","1,517",0.6
BERGEN,TEANECK TWP,5150,"5,085,550",0,0,0,"1,887,212","2,567,656","730,527",0,0,0,0,"5,185,395","99,845",2
BERGEN,TENAFLY BORO,5160,"1,328,428",0,0,0,"70,484","1,202,460","55,484",0,0,0,0,"1,328,428",0,0
BERGEN,UPPER SADDLE RIVER BORO,5330,"506,601",0,0,0,"35,371","451,270","19,961",0,0,0,0,"506,602",1,0
BERGEN,WALDWICK BORO,5410,"820,201","6,011",0,0,"37,973","752,149","24,067",0,0,0,1,"820,201",0,0
BERGEN,WALLINGTON BORO,5430,"2,968,354","2,178,860",0,0,"20,642","727,940","40,911",0,"75,442",0,0,"3,043,795","75,441",2.5
BERGEN,WESTWOOD REGIONAL,5755,"1,652,524",0,0,0,"98,956","1,503,177","48,069",0,0,0,"2,322","1,652,524",0,0
BERGEN,WOOD-RIDGE BORO,5830,"756,240","42,210",0,0,"32,013","663,039","18,978",0,0,0,0,"756,240",0,0
BERGEN,WOODCLIFF LAKE BORO,5880,"341,267",0,0,0,"16,437","313,218","11,612",0,0,0,0,"341,267",0,0
BERGEN,WYCKOFF TWP,5920,"838,013",0,0,0,"51,450","753,422","33,142",0,0,0,0,"838,014",1,0
BURLINGTON,BASS RIVER TWP,200,"872,332","638,484",0,0,"25,972","67,203","22,124","129,586",0,0,0,"883,369","11,037",1.3
BURLINGTON,BEVERLY CITY,380,"3,546,917","2,397,552",0,0,"196,255","167,839","86,245","863,310",0,0,0,"3,711,201","164,284",4.6
BURLINGTON,BORDENTOWN REGIONAL,475,"7,858,782","6,172,180",0,0,"178,363","1,445,511","62,729",0,"33,986",0,0,"7,892,769","33,987",0.4
BURLINGTON,BURLINGTON CITY,600,"16,509,000","13,867,857",0,0,"205,655","858,702","443,577","1,394,126",0,0,0,"16,769,917","260,917",1.6
BURLINGTON,BURLINGTON CO VOCATIONAL,610,"14,017,646","13,192,613",0,0,0,"1,162,397","109,496",0,0,0,0,"14,464,506","446,860",3.2
BURLINGTON,BURLINGTON TWP,620,"18,386,433","14,972,792",0,0,"707,284","2,283,101","423,257",0,"34,377",0,0,"18,420,811","34,378",0.2
BURLINGTON,CHESTERFIELD TWP,830,"328,762",0,0,0,"69,303","130,925","43,022",0,"60,016","85,512",0,"388,778","60,016",18.3
BURLINGTON,CINNAMINSON TWP,840,"8,725,539","7,388,894",0,0,"164,548","1,345,009","50,849",0,0,0,0,"8,949,300","223,761",2.6
BURLINGTON,DELANCO TWP,1030,"2,398,338","2,114,805",0,0,"24,250","313,392","22,608",0,0,0,0,"2,475,055","76,717",3.2
BURLINGTON,DELRAN TWP,1060,"11,462,145","9,568,442",0,0,"112,213","1,707,479","74,011",0,"14,105",0,0,"11,476,250","14,105",0.1
BURLINGTON,EASTAMPTON TWP,1250,"4,629,757","4,148,569",0,0,"16,953","389,996","17,257","56,982",0,0,0,"4,629,757",0,0
BURLINGTON,EDGEWATER PARK TWP,1280,"6,593,888","5,627,373",0,0,"133,655","583,952","248,909",0,"4,746",0,0,"6,598,635","4,747",0.1
BURLINGTON,EVESHAM TWP,1420,"13,386,593","9,135,441",0,0,"1,295,334","2,610,392","347,614",0,0,0,0,"13,388,781","2,188",0
BURLINGTON,FLORENCE TWP,1520,"9,347,922","8,343,214",0,0,"89,884","998,852","101,727",0,"7,868",0,0,"9,541,545","193,623",2.1
BURLINGTON,HAINESPORT TWP,1910,"1,338,850","689,609",0,0,"149,208","381,603","57,433","96,002","4,376",0,0,"1,378,231","39,381",2.9
BURLINGTON,LENAPE REGIONAL,2610,"28,478,486","22,738,228",0,0,"785,083","4,238,655","448,023",0,0,0,"268,497","28,478,486",0,0
BURLINGTON,LUMBERTON TWP,2850,"8,165,327","6,879,838",0,0,"208,437","903,723","141,349","31,980",0,0,0,"8,165,327",0,0
BURLINGTON,MANSFIELD TWP,2960,"593,109","61,810",0,0,"96,284","384,623","50,390",0,0,0,2,"593,109",0,0
BURLINGTON,MAPLE SHADE TWP,3010,"8,493,871","7,118,742",0,0,"69,068","1,199,589","106,471",0,"27,454",0,0,"8,521,324","27,453",0.3
BURLINGTON,MEDFORD LAKES BORO,3070,"1,118,696","791,104",0,0,"7,335","312,385","7,871",0,"2,090",0,0,"1,120,785","2,089",0.2
BURLINGTON,MEDFORD TWP,3080,"4,689,788","2,700,883",0,0,"230,547","1,680,355","78,003",0,0,0,0,"4,689,788",0,0
BURLINGTON,MOORESTOWN TWP,3360,"2,989,549",0,0,0,"381,205","2,341,784","313,520",0,0,0,0,"3,036,509","46,960",1.6
BURLINGTON,MOUNT HOLLY TWP,3430,"9,781,730","7,996,220",0,0,"128,424","537,492","265,020","1,059,003",0,0,0,"9,986,159","204,429",2.1
BURLINGTON,MOUNT LAUREL TWP,3440,"4,265,312",0,0,0,"1,636,080","2,290,692","335,153",0,0,0,"3,387","4,265,312",0,0
BURLINGTON,NEW HANOVER TWP,3540,"2,313,833","1,908,481",0,0,"162,889","137,160","48,594","140,043",0,0,0,"2,397,167","83,334",3.6
BURLINGTON,NORTH HANOVER TWP,3650,"11,218,879","9,648,284",0,0,"426,591","588,916","189,856","417,899","145,182",0,0,"11,416,728","197,849",1.8
BURLINGTON,NORTHERN BURLINGTON REG,3690,"12,071,453","10,071,884",0,"415,100","558,546","1,064,239","152,560",0,0,0,0,"12,262,329","190,876",1.6
BURLINGTON,PALMYRA BORO,3920,"4,667,922","3,854,272",0,0,"97,930","468,409","155,831","106,295","11,616",0,0,"4,694,353","26,431",0.6
BURLINGTON,PEMBERTON TWP,4050,"82,233,036","44,411,804",0,"261,580","2,475,702","2,619,559","1,269,289","32,419,492",0,0,919,"83,458,345","1,225,309",1.5
BURLINGTON,RANCOCAS VALLEY REGIONAL,4320,"15,916,083","13,307,513",0,0,"957,133","1,209,933","215,416","278,362",0,0,0,"15,968,357","52,274",0.3
BURLINGTON,RIVERSIDE TWP,4450,"10,643,840","9,997,701",0,0,"44,573","690,094","72,973",0,"19,179",0,0,"10,824,520","180,680",1.7
BURLINGTON,RIVERTON,4460,"535,103","288,342",0,0,"26,068","189,928","30,765",0,0,0,0,"535,103",0,0
BURLINGTON,SHAMONG TWP,4740,"4,107,918","3,430,365",0,0,"224,964","507,214","65,308",0,0,0,0,"4,227,851","119,933",2.9
BURLINGTON,SOUTHAMPTON TWP,4930,"2,084,216","425,897",0,0,"366,769","455,453","71,701","793,866",0,0,0,"2,113,686","29,470",1.4
BURLINGTON,SPRINGFIELD TWP,5010,"1,208,709","763,643",0,0,"139,769","159,516","22,191","100,078",0,0,"23,512","1,208,709",0,0
BURLINGTON,TABERNACLE TWP,5130,"5,425,694","3,405,745",0,0,"337,115","465,120","66,283","1,177,271",0,0,0,"5,451,534","25,840",0.5
BURLINGTON,WASHINGTON TWP,5490,"615,046","145,352",0,"95,824","84,355","51,627","9,596","283,400",0,0,0,"670,154","55,108",9
BURLINGTON,WESTAMPTON,5720,"3,657,963","2,855,291",0,0,"162,007","549,308","91,358",0,"22,243",0,0,"3,680,207","22,244",0.6
BURLINGTON,WILLINGBORO TWP,5805,"37,814,004","34,387,336",0,0,"470,570","2,391,334","1,086,670",0,0,0,0,"38,335,910","521,906",1.4
BURLINGTON,WOODLAND TWP,5890,"892,693","703,702",0,0,"57,862","86,673","14,739","41,487",0,0,0,"904,463","11,770",1.3
CAMDEN,AUDUBON BORO,150,"7,396,337","5,833,566",0,"868,344","62,679","698,294","129,718","530,382","25,300",0,0,"8,148,283","751,946",10.2
CAMDEN,BARRINGTON BORO,190,"3,236,918","2,677,918",0,0,"20,628","518,323","20,049",0,0,0,0,"3,236,918",0,0
CAMDEN,BELLMAWR BORO,260,"4,890,523","4,175,821",0,"150,135","9,872","602,816","56,414",0,"104,103",0,0,"5,099,161","208,638",4.3
CAMDEN,BERLIN BORO,330,"3,569,842","2,999,343",0,0,"49,114","488,215","33,172",0,"77,184",0,0,"3,647,028","77,186",2.2
CAMDEN,BERLIN TWP,340,"5,668,608","4,489,028",0,"518,072","48,199","438,670","130,164",0,0,0,"44,475","5,668,608",0,0
CAMDEN,BLACK HORSE PIKE REGIONAL,390,"32,734,689","30,562,927",0,0,"197,935","2,402,732","139,073",0,0,0,0,"33,302,667","567,978",1.7
CAMDEN,BROOKLAWN BORO,580,"4,289,179","3,428,151",0,"803,649","5,747","227,900","18,488",0,"98,367",0,0,"4,582,302","293,123",6.8
CAMDEN,CAMDEN CITY,680,"275,905,628","214,776,464",0,0,"4,511,837","8,244,198","5,949,022","46,068,696",0,0,0,"279,550,217","3,644,589",1.3
CAMDEN,CAMDEN COUNTY VOCATIONAL,700,"22,055,321","20,952,318",0,0,0,"1,165,462","169,761",0,0,0,0,"22,287,541","232,220",1.1
CAMDEN,CHERRY HILL TWP,800,"12,732,323","5,823,558",0,0,"481,223","6,200,217","227,325",0,0,0,0,"12,732,323",0,0
CAMDEN,CHESILHURST,810,"2,332,339","1,533,518",0,0,"122,687","95,861","50,877","691,027",0,0,0,"2,493,970","161,631",6.9
CAMDEN,CLEMENTON BORO,880,"6,216,621","5,785,597",0,0,"57,738","371,383","135,485",0,0,0,0,"6,350,203","133,582",2.1
CAMDEN,COLLINGSWOOD BORO,940,"10,146,286","7,836,707",0,"76,024","179,759","908,909","265,588","1,044,170",0,0,0,"10,311,157","164,871",1.6
CAMDEN,EASTERN CAMDEN COUNTY REG,1255,"9,191,142","7,420,607",0,0,"438,726","1,200,638","165,422",0,0,0,0,"9,225,393","34,251",0.4
CAMDEN,GIBBSBORO BORO,1720,"1,304,546","852,726",0,0,"20,976","134,574","19,662","377,509",0,0,0,"1,405,447","100,901",7.7
CAMDEN,GLOUCESTER CITY,1770,"29,644,731","18,865,262",0,0,"232,091","995,008","585,469","9,360,582",0,0,0,"30,038,412","393,681",1.3
CAMDEN,GLOUCESTER TWP,1780,"49,921,110","45,803,377",0,0,"513,108","3,915,535","487,009",0,0,0,0,"50,719,029","797,919",1.6
CAMDEN,HADDON HEIGHTS BORO,1880,"1,309,938","446,874",0,0,"104,187","500,273","66,157","192,447",0,0,0,"1,309,938",0,0
CAMDEN,HADDON TWP,1890,"8,353,533","7,091,213",0,0,"64,424","1,160,236","37,660",0,0,0,0,"8,353,533",0,0
CAMDEN,HADDONFIELD,1900,"846,128",0,0,0,"36,655","803,671","36,070",252,"1,828",0,0,"878,476","32,348",3.8
CAMDEN,HI NELLA,2130,"796,446","678,269",0,0,"37,528","56,918","23,730",0,"58,093",0,0,"854,538","58,092",7.3
CAMDEN,LAUREL SPRINGS BORO,2540,"1,803,344","1,536,364",0,"150,720","2,014","184,193","6,115",0,0,0,0,"1,879,406","76,062",4.2
CAMDEN,LAWNSIDE BORO,2560,"3,672,198","3,312,813",0,"41,406","26,571","256,857","75,958",0,0,0,0,"3,713,605","41,407",1.1
CAMDEN,LINDENWOLD BORO,2670,"23,795,226","22,176,686",0,"221,815","143,769","1,270,618","403,357",0,"179,546",0,0,"24,395,791","600,565",2.5
CAMDEN,MAGNOLIA BORO,2890,"3,051,081","2,788,929",0,0,"1,811","240,803","19,537",0,0,0,1,"3,051,081",0,0
CAMDEN,MERCHANTVILLE BORO,3110,"2,000,365","1,474,903",0,"532,469","21,879","230,435","11,201",0,"28,323",0,0,"2,299,210","298,845",14.9
CAMDEN,MOUNT EPHRAIM BORO,3420,"3,824,575","3,300,887",0,"236,716","11,921","360,860","16,849",0,0,0,0,"3,927,233","102,658",2.7
CAMDEN,OAKLYN BORO,3770,"2,442,271","2,142,965",0,0,"6,655","271,990","20,660",0,"16,232",0,0,"2,458,502","16,231",0.7
CAMDEN,PENNSAUKEN TWP,4060,"48,031,268","43,049,368",0,0,"475,976","3,033,664","1,472,261",0,0,0,0,"48,031,269",1,0
CAMDEN,PINE HILL BORO,4110,"15,579,812","14,483,942",0,"86,785","223,925","866,509","411,232",0,0,0,0,"16,072,393","492,581",3.2
CAMDEN,RUNNEMEDE BORO,4590,"4,775,873","4,192,794",0,"73,107","17,260","474,234","35,985",0,496,0,0,"4,793,876","18,003",0.4
CAMDEN,SOMERDALE BORO,4790,"2,718,116","2,435,595",0,"190,785","4,821","251,943","25,758",0,"36,799",0,0,"2,945,701","227,585",8.4
CAMDEN,STERLING HIGH SCHOOL DIST,5035,"6,465,136","5,492,338",0,"500,758","11,030","494,509","26,379",0,0,0,0,"6,525,014","59,878",0.9
CAMDEN,STRATFORD BORO,5080,"4,390,948","3,726,917",0,"156,366","38,720","422,155","20,043",0,0,0,"26,747","4,390,948",0,0
CAMDEN,VOORHEES TWP,5400,"5,478,889","2,916,383",0,0,"525,501","1,699,913","236,331",0,0,0,"100,761","5,478,889",0,0
CAMDEN,WATERFORD TWP,5560,"12,244,696","10,416,210",0,"271,518","664,495","970,050","198,097",0,0,0,0,"12,520,370","275,674",2.3
CAMDEN,WINSLOW TWP,5820,"43,541,253","38,341,995",0,0,"1,066,545","3,025,665","1,389,418","209,733",0,0,0,"44,033,356","492,103",1.1
CAMDEN,WOODLYNNE BORO,5900,"6,856,730","6,431,633",0,0,"23,169","345,651","56,276",0,"70,192",0,0,"6,926,921","70,191",1
CAPE MAY,AVALON BORO,170,"71,651",0,0,0,"27,597","39,551","4,841",0,0,0,0,"71,989",338,0.5
CAPE MAY,CAPE MAY CITY,710,"411,099",0,0,"69,205","5,682","76,912","39,821","276,347",0,0,0,"467,967","56,868",13.8
CAPE MAY,CAPE MAY CO VOCATIONAL,720,"1,369,913",0,0,0,0,"342,978","74,374","952,562",0,0,0,"1,369,914",1,0
CAPE MAY,CAPE MAY POINT,730,"26,743",0,0,0,"1,822",0,151,"20,226",0,0,"4,544","26,743",0,0
CAPE MAY,DENNIS TWP,1080,"6,147,245","1,063,893",0,0,"641,970","441,644","81,178","3,819,316",0,0,"99,244","6,147,245",0,0
CAPE MAY,LOWER CAPE MAY REGIONAL,2820,"8,942,913","94,719",0,"220,095","1,189,089","853,900","350,314","6,528,185",0,0,0,"9,236,302","293,389",3.3
CAPE MAY,LOWER TWP,2840,"9,943,867","5,202,298",0,"696,717","764,271","888,970","446,178","2,030,412",0,0,0,"10,028,846","84,979",0.9
CAPE MAY,MIDDLE TWP,3130,"12,905,988","6,233,727",0,0,"1,479,169","1,295,884","455,997","3,724,488",0,0,0,"13,189,265","283,277",2.2
CAPE MAY,NORTH WILDWOOD CITY,3680,"654,923",0,0,0,"49,606","154,606","59,917","396,411",0,0,0,"660,540","5,617",0.9
CAPE MAY,OCEAN CITY,3780,"1,861,468",0,0,"2,294,950","232,648","664,280","159,991",0,0,0,0,"3,351,869","1,490,401",80.1
CAPE MAY,SEA ISLE CITY,4700,"252,906",0,0,0,"95,901","61,827","16,321","44,536",0,"32,384","1,937","252,906",0,0
CAPE MAY,STONE HARBOR BORO,5060,"52,763",0,0,0,"19,782","23,240","2,817","3,705",0,0,"3,219","52,763",0,0
CAPE MAY,UPPER TWP,5340,"9,509,484","4,307,772",0,0,"1,445,583","1,098,835","164,852","2,640,282",0,0,0,"9,657,324","147,840",1.6
CAPE MAY,WEST CAPE MAY BORO,5610,"304,026",0,0,"401,310","5,502","27,618","6,484",0,"38,690",0,0,"479,604","175,578",57.8
CAPE MAY,WEST WILDWOOD,5700,"35,671",0,0,0,"1,801","33,757","2,578",0,0,0,0,"38,136","2,465",6.9
CAPE MAY,WILDWOOD CITY,5790,"5,013,604","812,938",0,0,"120,076","394,801","274,601","3,567,304",0,0,0,"5,169,720","156,116",3.1
CAPE MAY,WILDWOOD CREST BORO,5800,"498,241",0,0,0,"52,311","164,871","37,185","250,091",0,0,0,"504,458","6,217",1.2
CAPE MAY,WOODBINE BORO,5840,"2,867,407","1,798,565",0,"16,014","164,943","122,247","85,572","761,240",0,0,0,"2,948,581","81,174",2.8
CUMBERLAND,BRIDGETON CITY,540,"76,685,840","70,303,534","3,901,078",0,"605,810","2,692,474","2,030,338",0,"311,832",0,0,"79,845,066","3,159,226",4.1
CUMBERLAND,COMMERCIAL TWP,950,"10,162,455","9,272,615",0,0,"196,051","470,267","283,193",0,944,0,0,"10,223,070","60,615",0.6
CUMBERLAND,CUMBERLAND CO VOCATIONAL,995,"3,823,408","3,734,073",0,0,0,"163,569","20,801",0,0,0,0,"3,918,443","95,035",2.5
CUMBERLAND,CUMBERLAND REGIONAL,997,"12,125,963","10,078,197",0,"874,384","128,298","696,669","178,493","9,412",0,0,"160,510","12,125,963",0,0
CUMBERLAND,DEERFIELD TWP,1020,"2,485,960","2,230,074",0,0,"19,164","192,699","44,024",0,0,0,0,"2,485,961",1,0
CUMBERLAND,DOWNE TWP,1120,"1,734,669","1,148,599",0,"231,952","113,283","109,379","40,699","199,790",0,0,0,"1,843,702","109,033",6.3
CUMBERLAND,FAIRFIELD TWP,1460,"5,951,599","5,088,222",0,0,"157,300","286,612","166,335","253,131","41,872",0,0,"5,993,472","41,873",0.7
CUMBERLAND,GREENWICH TWP,1820,"415,592","189,820",0,0,"17,030","37,201","7,420","175,587",0,0,0,"427,058","11,466",2.8
CUMBERLAND,HOPEWELL TWP,2270,"3,309,520","2,671,653",0,0,"146,233","270,723","72,234","239,245","4,710",0,0,"3,404,798","95,278",2.9
CUMBERLAND,LAWRENCE TWP,2570,"5,862,000","5,065,576",0,"407,512","57,280","330,508","158,998",0,"3,746",0,0,"6,023,620","161,620",2.8
CUMBERLAND,MAURICE RIVER TWP,3050,"4,553,111","3,545,120",0,"471,768","291,732","283,265","94,769",0,"21,720",0,0,"4,708,374","155,263",3.4
CUMBERLAND,MILLVILLE CITY,3230,"67,335,170","49,446,977",0,0,"1,606,355","2,687,332","1,554,350","12,565,599",0,0,0,"67,860,613","525,443",0.8
CUMBERLAND,STOW CREEK TWP,5070,"829,948","566,187",0,0,"52,220","68,555","16,100","121,527",0,0,"5,359","829,948",0,0
CUMBERLAND,UPPER DEERFIELD TWP,5300,"6,009,386","5,604,194",0,0,"58,120","456,601","146,667",0,0,0,0,"6,265,582","256,196",4.3
CUMBERLAND,VINELAND CITY,5390,"135,247,239","89,507,454",0,0,"4,314,688","5,190,051","3,028,970","34,392,237",0,0,0,"136,433,400","1,186,161",0.9
ESSEX,BELLEVILLE TOWN,250,"25,130,065","21,802,381",0,0,"202,174","2,840,089","285,421",0,"500,000",0,0,"25,630,065","500,000",2
ESSEX,BLOOMFIELD TWP,410,"20,199,014","15,125,042",0,0,"200,619","3,681,307","1,192,046",0,"500,000",0,0,"20,699,014","500,000",2.5
ESSEX,CALDWELL-WEST CALDWELL,660,"961,290",0,0,0,"72,385","848,871","40,034",0,0,0,0,"961,290",0,0
ESSEX,CEDAR GROVE TWP,760,"723,287",0,0,0,"56,678","640,232","26,377",0,0,0,0,"723,287",0,0
ESSEX,EAST ORANGE,1210,"176,635,492","134,123,318",0,0,"1,183,036","6,372,145","3,859,812","32,420,739",0,0,0,"177,959,050","1,323,558",0.7
ESSEX,ESSEX CO VOC-TECH,1390,"20,585,108","19,068,954",0,0,0,"1,280,037","190,268",0,0,0,"45,849","20,585,108",0,0
ESSEX,ESSEX FELLS BORO,1400,"94,756",0,0,0,601,"89,553","2,687",0,0,0,"1,915","94,756",0,0
ESSEX,FAIRFIELD TWP,1465,"296,821",0,0,0,"17,428","268,309","11,083",0,0,0,1,"296,821",0,0
ESSEX,GLEN RIDGE BORO,1750,"720,471",0,0,0,"23,478","667,725","29,268",0,0,0,0,"720,471",0,0
ESSEX,IRVINGTON TOWNSHIP,2330,"111,604,784","81,433,567",0,0,"1,175,305","4,330,651","2,502,539","22,788,835",0,0,0,"112,230,897","626,113",0.6
ESSEX,LIVINGSTON TWP,2730,"2,416,835",0,0,0,"211,108","2,114,543","91,185",0,0,0,0,"2,416,836",1,0
ESSEX,MILLBURN TWP,3190,"1,882,982",0,0,0,"132,617","1,673,693","76,672",0,0,0,0,"1,882,982",0,0
ESSEX,MONTCLAIR TOWN,3310,"6,586,651",0,0,0,"1,164,526","4,171,264","747,557","322,539",0,0,"180,765","6,586,651",0,0
ESSEX,NEWARK CITY,3570,"714,315,679","645,243,822",0,0,"6,754,710","28,180,824","19,309,359","13,306,175",0,0,"1,520,789","714,315,679",0,0
ESSEX,NORTH CALDWELL BORO,3630,"220,388",0,0,0,"85,492","86,078","48,817",0,0,0,1,"220,388",0,0
ESSEX,NUTLEY TOWN,3750,"6,921,851","4,348,391",0,0,"90,584","2,412,726","70,151",0,0,0,0,"6,921,852",1,0
ESSEX,CITY OF ORANGE TWP,3880,"71,995,702","60,692,109","7,152,931",0,"545,602","2,860,412","1,838,577",0,"265,589",0,0,"73,355,220","1,359,518",1.9
ESSEX,ROSELAND BORO,4530,"268,042",0,0,0,"20,916","239,967","7,158",0,0,0,1,"268,042",0,0
ESSEX,SOUTH ORANGE-MAPLEWOOD,4900,"4,075,898",0,0,0,"282,031","3,630,949","162,918",0,0,0,0,"4,075,898",0,0
ESSEX,VERONA BORO,5370,"843,727",0,0,0,"15,587","794,481","33,659",0,0,0,0,"843,727",0,0
ESSEX,WEST ESSEX REGIONAL,5630,"996,142",0,0,0,"158,980","811,495","25,666",0,0,0,1,"996,142",0,0
ESSEX,WEST ORANGE TOWN,5680,"6,809,707","1,793,898",0,0,"438,150","4,191,194","386,465",0,0,0,0,"6,809,707",0,0
GLOUCESTER,CLAYTON BORO,860,"9,644,618","8,683,487",0,"14,890","60,696","728,613","171,822",0,"77,145",0,0,"9,736,653","92,035",1
GLOUCESTER,CLEARVIEW REGIONAL,870,"14,669,013","12,725,860",0,0,"409,464","1,397,198","195,116",0,"124,697",0,0,"14,852,335","183,322",1.2
GLOUCESTER,DEPTFORD TWP,1100,"22,765,106","20,154,580",0,0,"316,708","2,287,352","461,530",0,"12,894",0,0,"23,233,064","467,958",2.1
GLOUCESTER,EAST GREENWICH TWP,1180,"3,264,854","1,950,752",0,0,"82,561","609,732","82,027",0,"123,906","539,780",0,"3,388,758","123,904",3.8
GLOUCESTER,ELK TWP,1330,"2,414,502","2,013,576",0,"43,314","157,280","195,091","66,201","38,757","5,178",0,0,"2,519,397","104,895",4.3
GLOUCESTER,FRANKLIN TWP,1590,"8,521,353","7,422,943",0,0,"381,399","725,636","173,504",0,0,0,0,"8,703,482","182,129",2.1
GLOUCESTER,GATEWAY REGIONAL,1715,"6,934,535","5,835,868",0,"513,216","448,258","483,199","115,019",0,0,0,0,"7,395,560","461,025",6.6
GLOUCESTER,GLASSBORO,1730,"15,706,240","14,747,822",0,"115,088","108,428","1,173,519","259,267",0,0,0,0,"16,404,124","697,884",4.4
GLOUCESTER,GLOUCESTER CO VOCATIONAL,1775,"7,636,692","6,927,424",0,0,0,"677,047","32,222",0,0,0,0,"7,636,693",1,0
GLOUCESTER,GREENWICH TWP,1830,"1,091,720",0,0,0,"272,654","342,959","84,835","410,720",0,0,0,"1,111,168","19,448",1.8
GLOUCESTER,HARRISON TWP,2070,"6,074,767","5,031,432",0,0,"174,772","788,766","106,673",0,0,0,0,"6,101,643","26,876",0.4
GLOUCESTER,KINGSWAY REGIONAL,2440,"8,563,563","6,107,281",0,0,"255,495","1,121,086","158,030",0,"133,057","921,670",0,"8,696,619","133,056",1.6
GLOUCESTER,LOGAN TWP,2750,"5,320,717","3,990,950",0,0,"384,544","633,953","101,621","220,299",0,0,0,"5,331,367","10,650",0.2
GLOUCESTER,MANTUA TWP,2990,"6,102,434","5,286,989",0,0,"94,099","731,840","24,998",0,0,0,0,"6,137,926","35,492",0.6
GLOUCESTER,MONROE TWP,3280,"34,271,298","29,851,073",0,0,"432,551","3,338,740","648,933",0,"138,556",0,0,"34,409,853","138,555",0.4
GLOUCESTER,NATIONAL PARK BORO,3490,"2,049,081","1,904,909",0,0,"6,376","148,644","13,325",0,0,0,0,"2,073,254","24,173",1.2
GLOUCESTER,NEWFIELD BORO,3580,"1,420,601","1,164,761",0,0,"84,375","128,334","43,132",0,0,0,0,"1,420,602",1,0
GLOUCESTER,PAULSBORO BORO,4020,"11,917,377","11,357,502",0,"18,340","25,418","615,970","74,739",0,0,0,0,"12,091,969","174,592",1.5
GLOUCESTER,PITMAN BORO,4140,"9,601,882","7,077,074",0,0,"149,546","792,393","135,567","1,645,845",0,0,0,"9,800,425","198,543",2.1
GLOUCESTER,SOUTH HARRISON TWP,4880,"1,501,474","888,987",0,"276,979","31,891","207,121","26,008",0,"6,832","149,760",0,"1,587,578","86,104",5.7
GLOUCESTER,DELSEA REGIONAL H.S DIST.,4940,"13,094,352","12,086,304",0,"323,031","300,718","956,261","231,243",0,0,0,0,"13,897,557","803,205",6.1
GLOUCESTER,SWEDESBORO-WOOLWICH,5120,"6,846,925","4,503,553",0,0,"235,217","1,002,741","141,800",0,"4,684","963,615",0,"6,851,610","4,685",0.1
GLOUCESTER,WASHINGTON TWP,5500,"49,346,592","38,162,410",0,0,"2,909,313","4,519,182","747,449","3,559,441",0,0,0,"49,897,795","551,203",1.1
GLOUCESTER,WENONAH BORO,5590,"494,017","348,977",0,0,"1,070","140,582","3,555",0,120,0,0,"494,304",287,0.1
GLOUCESTER,WEST DEPTFORD TWP,5620,"11,531,659","9,715,221",0,0,"289,865","1,682,240","286,223",0,0,0,0,"11,973,549","441,890",3.8
GLOUCESTER,WESTVILLE BORO,5740,"2,357,156","2,274,046",0,0,"3,217","170,596","17,739",0,0,0,0,"2,465,598","108,442",4.6
GLOUCESTER,WOODBURY CITY,5860,"11,612,660","10,856,760",0,"41,796","47,242","854,097","93,162",0,0,0,0,"11,893,057","280,397",2.4
GLOUCESTER,WOODBURY HEIGHTS BORO,5870,"992,368","850,018",0,0,"5,424","132,086","4,841",0,0,0,0,"992,369",1,0
HUDSON,BAYONNE CITY,220,"52,838,901","46,701,236",0,0,"64,658","5,433,590","639,416",0,"500,000",0,0,"53,338,900","499,999",0.9
HUDSON,EAST NEWARK BORO,1200,"3,315,423","3,075,210",0,0,"7,297","211,093","21,823",0,"72,274",0,0,"3,387,697","72,274",2.2
HUDSON,GUTTENBERG TOWN,1850,"4,606,642","3,594,240",0,0,"7,250","807,468","197,684",0,"400,877",0,0,"5,007,519","400,877",8.7
HUDSON,HARRISON TOWN,2060,"25,057,532","23,080,693",0,0,"145,453","1,254,537","822,910",0,"40,247",0,0,"25,343,840","286,308",1.1
HUDSON,HOBOKEN CITY,2210,"9,717,346",0,0,"2,821,203","124,289","1,463,760","725,704","5,392,689",0,0,0,"10,527,645","810,299",8.3
HUDSON,HUDSON COUNTY VOCATIONAL,2295,"21,066,743","19,299,976",0,0,"131,518","1,482,331","152,917",0,0,0,1,"21,066,743",0,0
HUDSON,JERSEY CITY,2390,"417,859,150","270,661,365","125,411",0,"2,953,347","18,332,551","11,334,316","114,452,158",0,0,2,"417,859,150",0,0
HUDSON,KEARNY TOWN,2410,"30,018,366","26,090,104",0,0,"50,657","3,528,116","349,488",0,"500,000",0,0,"30,518,365","499,999",1.7
HUDSON,NORTH BERGEN TWP,3610,"55,954,823","50,413,223",0,0,"138,421","4,568,078","835,101",0,"500,000",0,0,"56,454,823","500,000",0.9
HUDSON,SECAUCUS TOWN,4730,"927,286",0,0,0,"70,500","792,919","63,867",0,0,0,0,"927,286",0,0
HUDSON,UNION CITY,5240,"174,235,441","164,712,713",0,0,"475,331","6,724,737","5,226,396",0,"447,622",0,0,"177,586,799","3,351,358",1.9
HUDSON,WEEHAWKEN TWP,5580,"2,668,030",0,0,0,"150,390","724,050","352,479","1,441,112",0,0,0,"2,668,031",1,0
HUDSON,WEST NEW YORK TOWN,5670,"90,776,958","85,160,953",0,0,"502,011","4,162,377","2,840,803",0,"500,000",0,0,"93,166,144","2,389,186",2.6
HUNTERDON,ALEXANDRIA TWP,20,"1,562,762","644,612",0,"356,776","253,247","335,552","42,678","16,472",0,0,0,"1,649,337","86,575",5.5
HUNTERDON,BETHLEHEM TWP,370,"1,522,306","984,263",0,"45,356","81,797","301,829","37,641",0,0,0,"71,420","1,522,306",0,0
HUNTERDON,BLOOMSBURY BORO,430,"1,335,110","766,421",0,"331,740","8,512","105,121","6,556",0,"2,558",0,"114,202","1,335,110",0,0
HUNTERDON,CALIFON BORO,670,"249,050","149,438",0,"45,876","3,762","93,822","2,028",0,0,0,0,"294,926","45,876",18.4
HUNTERDON,CLINTON TOWN - GLEN GARDNER,910,"1,156,645","613,561",0,0,"25,514","230,446","26,469","292,658",0,0,0,"1,188,648","32,003",2.8
HUNTERDON,CLINTON TWP,920,"2,293,533",0,0,"1,457,792","147,078","780,827","82,468",0,0,0,0,"2,468,165","174,632",7.6
HUNTERDON,DELAWARE TWP,1040,"862,897",0,0,"275,562","167,799","265,142","34,048","393,911",0,0,0,"1,136,462","273,565",31.7
HUNTERDON,DELAWARE VALLEY REGIONAL,1050,"3,979,460","3,173,700",0,0,"116,642","592,662","74,763",0,0,0,"21,693","3,979,460",0,0
HUNTERDON,EAST AMWELL TWP,1160,"601,449",0,0,"106,880","181,957","280,435","37,939","98,275",0,0,0,"705,486","104,037",17.3
HUNTERDON,FLEMINGTON-RARITAN REG,1510,"6,061,419","3,583,525",0,0,"276,640","2,067,960","133,295",0,0,0,0,"6,061,420",1,0
HUNTERDON,FRANKLIN TWP,1600,"231,044",0,0,"25,796","29,391","187,645","16,708",0,0,0,0,"259,540","28,496",12.3
HUNTERDON,FRENCHTOWN BORO,1680,"709,925","508,039",0,"135,422",457,"85,703","3,251",0,0,0,0,"732,872","22,947",3.2
HUNTERDON,HAMPTON BORO,1970,"786,845","651,390",0,0,"3,651","73,373","8,354","5,089",0,0,"44,988","786,845",0,0
HUNTERDON,HIGH BRIDGE BORO,2140,"1,438,553","1,041,918",0,0,"14,219","207,062","29,645","122,223",0,0,"23,486","1,438,553",0,0
HUNTERDON,HOLLAND TWP,2220,"1,727,829","1,291,479",0,0,"53,541","373,356","9,453",0,0,0,0,"1,727,829",0,0
HUNTERDON,HUNTERDON CENTRAL REG,2300,"5,383,063","3,185,863",0,"288,246","308,410","1,840,406","48,383",0,0,0,0,"5,671,308","288,245",5.4
HUNTERDON,HUNTERDON CO VOCATIONAL,2308,"926,483","241,040",0,0,0,"132,571","17,448","529,253",0,0,"6,171","926,483",0,0
HUNTERDON,KINGWOOD TWP,2450,"1,217,726","441,447",0,"97,544","157,946","244,823","31,021","301,310",0,0,0,"1,274,091","56,365",4.6
HUNTERDON,LAMBERTVILLE CITY,2530,"266,983",0,0,"110,144","7,480","109,331","22,698",0,0,0,"17,330","266,983",0,0
HUNTERDON,LEBANON BORO,2590,"185,003",0,0,"38,478","12,988","64,267","7,997",0,0,0,"61,273","185,003",0,0
HUNTERDON,LEBANON TWP,2600,"2,024,524","1,058,133",0,"310,968","335,006","429,461","54,166","126,718",0,0,0,"2,314,452","289,928",14.3
HUNTERDON,MILFORD BORO,3180,"265,065","202,744",0,"44,604","2,238","58,167","1,915",0,0,0,0,"309,668","44,603",16.8
HUNTERDON,N HUNT/VOORHEES REGIONAL,3660,"5,471,433","3,405,928",0,0,"282,618","1,738,465","44,422",0,0,0,0,"5,471,433",0,0
HUNTERDON,READINGTON TWP,4350,"1,369,600",0,0,0,"155,563","1,137,296","67,253",0,0,0,"9,488","1,369,600",0,0
HUNTERDON,SOUTH HUNTERDON REGIONAL,4890,"1,212,349",0,0,"829,495","196,604","222,528","30,510",0,0,0,0,"1,279,137","66,788",5.5
HUNTERDON,STOCKTON BORO,5050,"175,420",0,0,"319,875",900,"10,787","2,545",0,"1,057",0,0,"335,164","159,744",91.1
HUNTERDON,TEWKSBURY TWP,5180,"501,538",0,0,"257,900","90,472","354,090","56,976",0,0,0,0,"759,438","257,900",51.4
HUNTERDON,UNION TWP,5270,"559,324",0,0,0,"210,782","294,741","36,626","14,726",0,0,"2,449","559,324",0,0
HUNTERDON,WEST AMWELL TWP,5600,"231,044",0,0,0,"56,453","152,977","19,481",0,0,0,"2,133","231,044",0,0
MERCER,EAST WINDSOR REGIONAL,1245,"18,398,954","14,553,606",0,0,"404,533","2,941,036","499,780",0,0,0,0,"18,398,955",1,0
MERCER,EWING TWP,1430,"9,524,254","6,862,747",0,0,"230,148","2,208,951","222,407",0,0,0,1,"9,524,254",0,0
MERCER,HAMILTON TWP,1950,"73,170,915","64,508,297",0,0,"720,415","7,549,779","545,728",0,"40,007",0,0,"73,364,226","193,311",0.3
MERCER,HOPEWELL VALLEY REGIONAL,2280,"2,490,613",0,0,0,"349,130","2,087,038","54,445",0,0,0,0,"2,490,613",0,0
MERCER,LAWRENCE TWP,2580,"3,337,252",0,0,0,"612,017","2,353,591","417,886",0,0,0,0,"3,383,494","46,242",1.4
MERCER,MERCER COUNTY VOCATIONAL,3105,"2,387,159","2,030,220",0,0,0,"221,405","43,495","106,758",0,0,0,"2,401,878","14,719",0.6
MERCER,PRINCETON REGIONAL,4255,"3,337,049",0,0,0,"846,497","2,107,628","299,807","107,606",0,0,0,"3,361,538","24,489",0.7
MERCER,TRENTON CITY,5210,"226,927,752","190,547,980",0,0,"2,732,863","8,270,931","5,077,389","21,179,870",0,0,0,"227,809,033","881,281",0.4
MERCER,ROBBINSVILLE TWP,5510,"2,222,541","109,932",0,0,"201,800","1,765,433","145,376",0,"154,758",0,0,"2,377,299","154,758",7
MERCER,W WINDSOR-PLAINSBORO REG,5715,"7,277,104","565,938",0,0,"795,567","5,763,900","151,699",0,0,0,0,"7,277,104",0,0
MIDDLESEX,CARTERET BORO,750,"26,270,259","23,509,312",0,0,"120,856","2,257,589","382,501",0,"500,000",0,0,"26,770,258","499,999",1.9
MIDDLESEX,CRANBURY TWP,970,"451,202",0,0,0,"58,143","380,947","12,113",0,0,0,0,"451,203",1,0
MIDDLESEX,DUNELLEN BORO,1140,"5,256,166","4,487,536",0,0,"18,828","694,377","55,425",0,"159,306",0,0,"5,415,472","159,306",3
MIDDLESEX,EAST BRUNSWICK TWP,1170,"17,678,170","11,844,263",0,0,"596,256","5,085,994","151,656",0,0,0,1,"17,678,170",0,0
MIDDLESEX,EDISON TWP,1290,"13,496,945","3,675,883",0,0,"829,736","8,667,867","323,459",0,0,0,0,"13,496,945",0,0
MIDDLESEX,HIGHLAND PARK BORO,2150,"3,596,411","2,609,134",0,0,"67,688","883,312","36,277",0,0,0,0,"3,596,411",0,0
MIDDLESEX,JAMESBURG BORO,2370,"4,842,884","4,182,690",0,0,"17,983","546,529","95,682",0,"166,255",0,0,"5,009,139","166,255",3.4
MIDDLESEX,METUCHEN BORO,3120,"1,009,267",0,0,0,"59,865","914,044","35,358",0,0,0,0,"1,009,267",0,0
MIDDLESEX,MIDDLESEX BORO,3140,"8,786,000","7,367,855",0,0,"83,572","1,270,281","64,291",0,"3,249",0,0,"8,789,248","3,248",0
MIDDLESEX,MIDDLESEX CO VOCATIONAL,3150,"13,147,091","11,911,557",0,0,0,"1,135,471","100,064",0,0,0,0,"13,147,092",1,0
MIDDLESEX,MILLTOWN BORO,3220,"1,082,733","464,848",0,0,"63,695","564,678","17,104",0,0,0,0,"1,110,325","27,592",2.5
MIDDLESEX,MONROE TWP,3290,"2,637,528",0,0,0,"496,510","2,048,517","92,501",0,0,0,0,"2,637,528",0,0
MIDDLESEX,NEW BRUNSWICK CITY,3530,"120,292,970","113,001,439",0,0,"1,087,379","5,027,788","3,457,005",0,"26,657",0,0,"122,600,268","2,307,298",1.9
MIDDLESEX,NORTH BRUNSWICK TWP,3620,"11,246,774","6,681,891",0,0,"427,308","3,621,124","516,450",0,"329,331",0,0,"11,576,104","329,330",2.9
MIDDLESEX,OLD BRIDGE TWP,3845,"44,462,577","36,867,100",0,0,"841,635","5,499,282","817,494",0,0,0,"437,066","44,462,577",0,0
MIDDLESEX,PERTH AMBOY CITY,4090,"157,355,943","136,227,020","11,689,337",0,"1,724,246","5,893,084","4,257,756",0,0,0,0,"159,791,443","2,435,500",1.5
MIDDLESEX,PISCATAWAY TWP,4130,"15,159,189","9,741,772",0,0,"489,054","4,343,922","584,442",0,"403,614",0,0,"15,562,804","403,615",2.7
MIDDLESEX,SAYREVILLE BORO,4660,"20,476,829","15,422,173",0,0,"497,507","3,619,830","937,318",0,"500,000",0,0,"20,976,828","499,999",2.4
MIDDLESEX,SOUTH AMBOY CITY,4830,"6,537,192","5,720,187",0,0,"43,463","678,015","56,004",0,"75,497",0,0,"6,573,166","35,974",0.6
MIDDLESEX,SOUTH BRUNSWICK TWP,4860,"23,220,340","17,018,097",0,0,"628,937","5,412,797","160,510",0,0,0,0,"23,220,341",1,0
MIDDLESEX,SOUTH PLAINFIELD BORO,4910,"9,063,278","6,660,858",0,0,"100,859","2,204,418","97,143",0,0,0,0,"9,063,278",0,0
MIDDLESEX,SOUTH RIVER BORO,4920,"12,358,201","10,551,002",0,0,"99,861","1,432,582","274,755",0,"500,000",0,0,"12,858,200","499,999",4
MIDDLESEX,SPOTSWOOD,4970,"6,014,918","5,037,971",0,0,"54,800","910,803","31,878",0,"6,761",0,0,"6,042,213","27,295",0.5
MIDDLESEX,WOODBRIDGE TWP,5850,"23,285,384","14,005,039",0,0,"794,036","7,725,828","760,481",0,"71,504",0,0,"23,356,888","71,504",0.3
MONMOUTH,ALLENHURST,50,"47,545",0,0,0,"19,708",0,162,"27,815",0,0,0,"47,685",140,0.3
MONMOUTH,ASBURY PARK CITY,100,"55,195,430","28,163,553",0,0,"380,652","1,392,679","1,000,414","24,422,872",0,0,0,"55,360,170","164,740",0.3
MONMOUTH,ATLANTIC HIGHLANDS BORO,130,"145,785",0,0,0,"3,468","139,672","5,582",0,0,0,0,"148,722","2,937",2
MONMOUTH,AVON BORO,180,"172,384",0,0,0,"19,060","110,961","16,732",0,0,"24,120","1,511","172,384",0,0
MONMOUTH,BELMAR BORO,270,"969,670",0,0,0,"122,321","314,554","135,146","397,649",0,0,0,"969,670",0,0
MONMOUTH,BRADLEY BEACH BORO,500,"1,043,168",0,0,0,"81,650","206,647","92,406","674,206",0,0,0,"1,054,909","11,741",1.1
MONMOUTH,BRIELLE BORO,560,"413,948",0,0,0,"35,030","353,099","12,633",0,0,0,"13,186","413,948",0,0
MONMOUTH,COLTS NECK TWP,945,"978,968",0,0,0,"171,526","703,608","89,893",0,0,0,"13,941","978,968",0,0
MONMOUTH,DEAL BORO,1000,"1,878,436",0,0,"1,961,388","32,118","38,413","5,384",0,"57,916","33,201",0,"2,128,420","249,984",13.3
MONMOUTH,EATONTOWN BORO,1260,"3,744,053","721,245",0,0,"258,203","645,399","225,767","1,953,085",0,0,0,"3,803,699","59,646",1.6
MONMOUTH,FAIR HAVEN BORO,1440,"404,094",0,0,0,"10,271","378,931","14,892",0,0,0,0,"404,094",0,0
MONMOUTH,FARMINGDALE BORO,1490,"758,642","496,434",0,0,"2,612","82,456","15,561","180,573",0,0,0,"777,636","18,994",2.5
MONMOUTH,FREEHOLD BORO,1640,"9,176,188","8,115,888",0,0,"44,314","821,499","194,487",0,"435,142",0,0,"9,611,330","435,142",4.7
MONMOUTH,FREEHOLD REGIONAL,1650,"51,226,513","40,713,982",0,0,"1,110,522","7,030,185","735,594",0,0,0,"1,636,230","51,226,513",0,0
MONMOUTH,FREEHOLD TWP,1660,"4,123,288","1,140,072",0,0,"300,655","2,597,902","84,658",0,0,0,1,"4,123,288",0,0
MONMOUTH,HAZLET TWP,2105,"12,606,511","10,467,565",0,0,"159,264","1,917,881","61,801",0,0,0,0,"12,606,511",0,0
MONMOUTH,HENRY HUDSON REGIONAL,2120,"788,450",0,0,0,"176,780","240,247","60,908","313,845",0,0,0,"791,780","3,330",0.4
MONMOUTH,HIGHLANDS BORO,2160,"626,438",0,0,0,"41,745","91,617","47,943","364,545",0,"88,935",0,"634,785","8,347",1.3
MONMOUTH,HOLMDEL TWP,2230,"1,777,056",0,0,0,"275,873","1,365,120","136,063",0,0,0,0,"1,777,056",0,0
MONMOUTH,HOWELL TWP,2290,"32,977,580","27,465,312",0,0,"619,299","3,740,074","517,479",0,0,0,"635,416","32,977,580",0,0
MONMOUTH,INTERLAKEN,2320,"52,523",0,0,0,"26,064","9,706","1,558","17,431","5,877",0,0,"60,636","8,113",15.4
MONMOUTH,KEANSBURG BORO,2400,"26,876,780","16,973,265",0,0,"244,350","901,656","535,157","8,642,285",0,0,0,"27,296,713","419,933",1.6
MONMOUTH,KEYPORT BORO,2430,"5,368,108","4,822,886",0,0,"16,402","535,461","54,044",0,0,0,0,"5,428,793","60,685",1.1
MONMOUTH,LITTLE SILVER BORO,2720,"294,704",0,0,0,"10,488","272,441","11,775",0,0,0,0,"294,704",0,0
MONMOUTH,LONG BRANCH CITY,2770,"41,795,235","36,768,086",0,0,"627,703","2,795,051","1,823,590",0,"76,031",0,0,"42,090,461","295,226",0.7
MONMOUTH,MANALAPAN-ENGLISHTOWN REG,2920,"19,691,220","12,610,419",0,0,"2,122,959","3,077,364","403,710","1,407,425",0,0,"69,343","19,691,220",0,0
MONMOUTH,MANASQUAN BORO,2930,"566,928",0,0,0,"23,093","505,972","17,267","20,596",0,0,0,"566,928",0,0
MONMOUTH,MARLBORO TWP,3030,"11,503,607","6,247,588",0,0,"437,531","3,375,643","349,448","532,737",0,0,"560,660","11,503,607",0,0
MONMOUTH,MATAWAN-ABERDEEN REGIONAL,3040,"12,104,708","9,282,899",0,0,"198,237","2,266,020","97,858",0,0,0,"259,694","12,104,708",0,0
MONMOUTH,MIDDLETOWN TWP,3160,"17,511,412","1,001,995",0,0,"2,893,232","6,072,259","837,191","6,694,364",0,0,"12,371","17,511,412",0,0
MONMOUTH,MILLSTONE TWP,3200,"4,746,839","2,349,161",0,0,"634,121","1,263,326","160,905",0,0,0,"339,326","4,746,839",0,0
MONMOUTH,MONMOUTH BEACH BORO,3250,"147,304",0,0,0,"4,041","136,900","4,377",0,0,0,"1,986","147,304",0,0
MONMOUTH,MONMOUTH CO VOCATIONAL,3260,"8,056,645","4,003,057",0,0,0,"1,304,032","183,721","2,565,835",0,0,0,"8,056,645",0,0
MONMOUTH,MONMOUTH REGIONAL,3270,"3,290,589","299,370",0,0,"583,284","643,368","108,037","1,703,247",0,0,0,"3,337,306","46,717",1.4
MONMOUTH,NEPTUNE CITY,3500,"1,962,228","1,564,270",0,0,"25,030","344,076","28,851",0,"64,701",0,0,"2,026,928","64,700",3.3
MONMOUTH,NEPTUNE TWP,3510,"32,427,811","25,407,093",0,0,"1,363,716","2,404,326","1,222,886","2,234,768",0,0,0,"32,632,789","204,978",0.6
MONMOUTH,OCEAN TWP,3810,"7,618,514",0,0,0,"1,326,538","2,305,733","410,359","3,426,175",0,0,"149,709","7,618,514",0,0
MONMOUTH,OCEANPORT BORO,3830,"424,298",0,0,0,"29,665","350,285","19,085","26,714",0,0,"2,126","427,875","3,577",0.8
MONMOUTH,RED BANK BORO,4360,"2,630,332","1,399,215",0,0,"34,744","665,749","156,711",0,"339,219","373,912",0,"2,969,550","339,218",12.9
MONMOUTH,RED BANK REGIONAL,4365,"995,006","89,062",0,0,"233,200","518,148","114,422","20,284",0,0,"19,890","995,006",0,0
MONMOUTH,ROOSEVELT BORO,4520,"687,262","470,385",0,"269,865","63,927","68,205","8,957","86,214",0,0,0,"967,553","280,291",40.8
MONMOUTH,RUMSON BORO,4570,"361,693",0,0,0,"31,992","315,384","14,317",0,0,0,0,"361,693",0,0
MONMOUTH,RUMSON-FAIR HAVEN REG,4580,"420,006",0,0,0,"34,287","372,879","12,840",0,0,0,0,"420,006",0,0
MONMOUTH,SEA GIRT BORO,4690,"101,248",0,0,0,"3,620","93,806","2,568",0,0,0,"1,254","101,248",0,0
MONMOUTH,SHORE REGIONAL,4760,"426,679",0,0,0,"45,382","368,801","9,794",0,0,0,"2,702","426,679",0,0
MONMOUTH,SHREWSBURY BORO,4770,"226,157",0,0,0,"4,977","211,500","6,870",0,0,0,"2,810","226,157",0,0
MONMOUTH,LAKE COMO,4840,"586,016","168,669",0,0,"68,019","129,283","47,816","166,400",0,0,"5,829","586,016",0,0
MONMOUTH,SPRING LAKE BORO,4980,"182,975",0,0,0,"14,122","165,889","4,583",0,0,0,0,"184,594","1,619",0.9
MONMOUTH,SPRING LAKE HEIGHTS BORO,4990,"310,490",0,0,0,"22,033","281,977","8,129",0,0,0,0,"312,139","1,649",0.5
MONMOUTH,TINTON FALLS,5185,"3,529,233",0,0,0,"854,382","901,932","149,585","1,596,766",0,0,"26,568","3,529,233",0,0
MONMOUTH,UNION BEACH,5230,"8,331,310","7,444,810",0,0,"39,173","658,640","28,312","73,023",0,0,"87,352","8,331,310",0,0
MONMOUTH,UPPER FREEHOLD REGIONAL,5310,"4,980,505","2,954,308",0,"1,020,210","383,459","976,240","122,431",0,0,0,0,"5,456,648","476,143",9.6
MONMOUTH,WALL TWP,5420,"3,495,736",0,0,0,"733,177","2,404,489","342,358",0,0,0,"15,712","3,495,736",0,0
MONMOUTH,WEST LONG BRANCH BORO,5640,"265,495",0,0,0,"14,171","240,707","10,616",0,0,0,1,"265,495",0,0
MORRIS,BOONTON TOWN,450,"1,079,298","434,008",0,"88,416","11,589","587,566","46,136",0,0,0,0,"1,167,715","88,417",8.2
MORRIS,BOONTON TWP,460,"450,543",0,0,0,"54,864","384,201","11,478",0,0,0,0,"450,543",0,0
MORRIS,BUTLER BORO,630,"1,960,615","1,269,909",0,"26,218","45,248","557,857","19,573",0,0,0,"41,810","1,960,615",0,0
MORRIS,SCH DIST OF THE CHATHAMS,785,"1,871,941",0,0,0,"151,760","1,657,762","62,418",0,0,0,1,"1,871,941",0,0
MORRIS,CHESTER TWP,820,"1,017,492",0,0,0,"105,537","839,955","61,450",0,0,0,"10,550","1,017,492",0,0
MORRIS,DENVILLE TWP,1090,"1,161,422",0,0,0,"108,847","1,026,841","25,734",0,0,0,0,"1,161,422",0,0
MORRIS,DOVER TOWN,1110,"23,862,099","21,801,720",0,0,"61,795","1,704,935","322,997",0,"536,632",0,0,"24,428,079","565,980",2.4
MORRIS,EAST HANOVER TWP,1190,"647,762",0,0,0,"60,665","571,367","15,362",0,0,0,368,"647,762",0,0
MORRIS,FLORHAM PARK BORO,1530,"466,423",0,0,0,"39,684","411,749","14,991",0,0,0,0,"466,424",1,0
MORRIS,HANOVER PARK REGIONAL,1990,"785,968",0,0,0,"170,906","590,031","25,031",0,0,0,0,"785,968",0,0
MORRIS,HANOVER TWP,2000,"834,666",0,0,0,"58,257","753,986","22,423",0,0,0,0,"834,666",0,0
MORRIS,HARDING TOWNSHIP,2010,"225,137",0,0,0,"174,090","18,069","32,978",0,0,0,0,"225,137",0,0
MORRIS,JEFFERSON TWP,2380,"15,757,785","12,431,553",0,0,"418,875","2,137,733","303,337",0,0,0,"466,287","15,757,785",0,0
MORRIS,KINNELON BORO,2460,"1,439,528",0,0,0,"193,798","1,080,571","165,159",0,0,0,0,"1,439,528",0,0
MORRIS,LINCOLN PARK BORO,2650,"1,481,787",0,0,0,"640,100","702,643","105,026","134,141",0,0,0,"1,581,910","100,123",6.8
MORRIS,MADISON BORO,2870,"940,143",0,0,0,"52,188","849,970","37,986",0,0,0,0,"940,144",1,0
MORRIS,MENDHAM BORO,3090,"237,375",0,0,0,"15,804","204,125","9,989",0,0,0,"7,457","237,375",0,0
MORRIS,MENDHAM TWP,3100,"416,101",0,0,0,"69,600","333,875","12,627",0,0,0,0,"416,102",1,0
MORRIS,MINE HILL TWP,3240,"2,742,741","1,207,054",0,"1,091,262","45,265","345,041","40,270",0,0,0,"13,849","2,742,741",0,0
MORRIS,MONTVILLE TWP,3340,"1,755,582",0,0,0,"223,430","1,469,587","62,566",0,0,0,0,"1,755,583",1,0
MORRIS,MORRIS COUNTY VOCATIONAL,3365,"1,194,799","76,082",0,0,0,"490,726","64,206","561,578",0,0,"2,207","1,194,799",0,0
MORRIS,MORRIS HILLS REGIONAL,3370,"6,274,968","3,682,325",0,"1,586,310","278,987","1,787,677","49,538",0,0,0,0,"7,384,837","1,109,869",17.7
MORRIS,MORRIS PLAINS BORO,3380,"563,128",0,0,"189,252","41,947","504,750","13,211",0,0,0,0,"749,160","186,032",33
MORRIS,MORRIS SCHOOL DISTRICT,3385,"5,973,619",0,0,"813,402","1,584,914","2,923,993","741,886","252,972",0,0,0,"6,317,167","343,548",5.8
MORRIS,MOUNT ARLINGTON BORO,3410,"527,752",0,0,0,"137,936","338,797","50,935",0,0,0,84,"527,752",0,0
MORRIS,MOUNT OLIVE TWP,3450,"15,092,723","11,587,203",0,0,"483,485","2,928,748","93,288",0,0,0,0,"15,092,724",1,0
MORRIS,MOUNTAIN LAKES BORO,3460,"749,632",0,0,0,"21,995","709,191","18,445",0,0,0,1,"749,632",0,0
MORRIS,NETCONG BORO,3520,"1,059,166","877,594",0,"87,216",86,"169,291","12,194",0,"10,772",0,0,"1,157,153","97,987",9.3
MORRIS,PARSIPPANY-TROY HILLS TWP,3950,"4,479,502","95,367",0,0,"295,061","3,956,158","132,915",0,0,0,1,"4,479,502",0,0
MORRIS,LONG HILL TWP,4000,"624,159",0,0,0,"56,278","542,296","12,108",0,0,0,"13,477","624,159",0,0
MORRIS,PEQUANNOCK TWP,4080,"2,140,228","421,118",0,"165,096","39,803","1,404,955","33,937","1,380",0,0,"73,939","2,140,228",0,0
MORRIS,RANDOLPH TWP,4330,"12,675,738","7,895,104",0,0,"323,179","3,234,926","103,893",0,0,0,"1,118,636","12,675,738",0,0
MORRIS,RIVERDALE BORO,4440,"239,603",0,0,0,"20,048","209,761","9,794",0,0,0,0,"239,603",0,0
MORRIS,ROCKAWAY BORO,4480,"475,776","72,680",0,0,"6,585","382,108","14,403",0,"20,479",0,0,"496,255","20,479",4.3
MORRIS,ROCKAWAY TWP,4490,"2,663,834","883,819",0,0,"136,876","1,517,265","43,651",0,0,0,"82,223","2,663,834",0,0
MORRIS,ROXBURY TWP,4560,"13,488,042","10,300,890",0,0,"233,042","2,433,575","61,433",0,0,0,"459,102","13,488,042",0,0
MORRIS,WASHINGTON TWP,5520,"7,997,562","5,580,975",0,0,"288,960","1,591,751","176,840",0,0,0,"359,036","7,997,562",0,0
MORRIS,WEST MORRIS REGIONAL,5660,"4,369,441","324,799",0,0,"1,354,617","1,742,285","214,099","695,639",0,0,"38,002","4,369,441",0,0
MORRIS,WHARTON BORO,5770,"3,882,912","2,826,561",0,"660,184","10,978","467,758","51,744",0,"22,203",0,0,"4,039,428","156,516",4
OCEAN,BARNEGAT TWP,185,"19,842,814","17,838,317",0,0,"185,800","1,848,507","102,344","2,113",0,0,0,"19,977,081","134,267",0.7
OCEAN,BAY HEAD BORO,210,"64,881",0,0,0,"3,743","58,303","3,326",0,0,0,0,"65,372",491,0.8
OCEAN,BEACH HAVEN BORO,230,"33,022",0,0,"63,455",481,"31,547","2,513",0,0,0,0,"97,996","64,974",196.8
OCEAN,BERKELEY TWP,320,"2,251,562",0,0,0,"786,353","1,132,766","295,958","72,495",0,0,0,"2,287,572","36,010",1.6
OCEAN,BRICK TWP,530,"35,754,648","9,463,269",0,0,"4,922,064","5,393,423","1,039,800","14,934,026",0,0,"2,066","35,754,648",0,0
OCEAN,CENTRAL REGIONAL,770,"3,504,233",0,0,"1,359,582","1,067,101","1,080,992","291,637","142,822",0,0,0,"3,942,134","437,901",12.5
OCEAN,EAGLESWOOD TWP,1150,"661,742","447,437",0,0,"59,476","73,426","18,682","58,181",0,0,"4,540","661,742",0,0
OCEAN,ISLAND HEIGHTS BORO,2350,"117,341",0,0,0,"9,420","63,946","8,673","36,454",0,0,0,"118,493","1,152",1
OCEAN,JACKSON TWP,2360,"49,378,276","42,102,240",0,0,"1,013,961","5,211,500","854,977",0,0,0,"195,598","49,378,276",0,0
OCEAN,LACEY TWP,2480,"21,059,702","17,753,571",0,0,"333,156","2,504,516","483,794","71,943",0,0,0,"21,146,980","87,278",0.4
OCEAN,LAKEHURST BORO,2500,"6,023,158","5,421,371",0,0,"116,548","304,592","135,295","28,730","29,812",0,0,"6,036,348","13,190",0.2
OCEAN,LAKEWOOD TWP,2520,"23,878,294","15,263,034",0,0,"3,934,658","2,975,869","2,161,835",0,0,0,0,"24,335,396","457,102",1.9
OCEAN,LAVALLETTE BORO,2550,"171,374",0,0,0,"59,948","91,536","15,820","4,798",0,0,0,"172,102",728,0.4
OCEAN,LITTLE EGG HARBOR TWP,2690,"9,643,821","5,995,899",0,0,"1,038,502","844,602","337,297","1,427,520","6,727",0,0,"9,650,547","6,726",0.1
OCEAN,LONG BEACH ISLAND,2760,"589,552",0,0,"445,284","68,851","119,540","23,138",0,0,0,0,"656,813","67,261",11.4
OCEAN,MANCHESTER TWP,2940,"5,370,017",0,0,0,"1,828,278","1,689,918","405,330","1,531,444",0,0,0,"5,454,970","84,953",1.6
OCEAN,OCEAN COUNTY VOCATIONAL,3790,"5,537,293","2,014,757",0,0,0,"708,060","134,823","2,686,465",0,0,0,"5,544,105","6,812",0.1
OCEAN,OCEAN GATE BORO,3800,"926,786","825,262",0,0,103,"84,886","9,128",0,0,0,"7,407","926,786",0,0
OCEAN,OCEAN TWP,3820,"6,744,404",0,0,0,"325,929","507,177","135,390","5,948,204",0,0,0,"6,916,700","172,296",2.6
OCEAN,PINELANDS REGIONAL,4105,"11,276,418","8,420,721",0,0,"810,479","961,334","299,661","784,462",0,0,0,"11,276,657",239,0
OCEAN,PLUMSTED TWP,4190,"11,273,577","10,042,670",0,0,"130,266","975,623","125,293",0,0,0,0,"11,273,852",275,0
OCEAN,POINT PLEASANT BORO,4210,"5,956,084","3,924,507",0,0,"85,308","1,663,733","184,043","98,493","26,399",0,0,"5,982,483","26,399",0.4
OCEAN,POINT PLEASANT BEACH,4220,"460,032",0,0,0,"10,732","395,137","62,548",221,0,0,167,"468,805","8,773",1.9
OCEAN,SEASIDE HEIGHTS BORO,4710,"851,024","202,129",0,"195,902","11,471","109,922","78,161","410,159",0,0,0,"1,007,744","156,720",18.4
OCEAN,SEASIDE PARK BORO,4720,"153,012",0,0,0,"11,943","22,919","9,974","110,734",0,0,0,"155,570","2,558",1.7
OCEAN,SOUTHERN REGIONAL,4950,"1,877,749",0,0,0,"263,093","1,444,854","200,138",0,0,0,0,"1,908,085","30,336",1.6
OCEAN,STAFFORD TWP,5020,"9,227,089","7,039,555",0,"291,420","533,435","1,288,981","238,635",0,0,0,0,"9,392,026","164,937",1.8
OCEAN,TOMS RIVER REGIONAL,5190,"67,278,259","39,889,745",0,0,"4,586,531","9,141,043","1,820,980","11,839,961","433,801",0,0,"67,712,061","433,802",0.6
OCEAN,TUCKERTON BORO,5220,"2,114,447","1,230,549",0,"377,074","8,809","163,676","50,084",0,"10,056","390,411",0,"2,230,659","116,212",5.5
PASSAIC,BLOOMINGDALE BORO,420,"1,947,915","1,266,890",0,0,"59,772","551,435","13,358",0,0,0,"56,460","1,947,915",0,0
PASSAIC,CLIFTON CITY,900,"25,533,579","17,684,735",0,0,"485,830","6,592,227","770,787",0,"500,000",0,0,"26,033,579","500,000",2
PASSAIC,HALEDON BORO,1920,"6,650,544","5,946,133",0,0,"8,972","591,508","103,930",0,"135,963",0,0,"6,786,506","135,962",2
PASSAIC,HAWTHORNE BORO,2100,"1,998,491","333,115",0,0,"124,605","1,474,759","66,013",0,0,0,0,"1,998,492",1,0
PASSAIC,LAKELAND REGIONAL,2510,"4,807,556","3,876,700",0,0,"96,677","687,768","19,744",0,0,0,"126,667","4,807,556",0,0
PASSAIC,LITTLE FALLS TWP,2700,"511,201",0,0,0,"32,836","458,142","20,222",0,0,0,1,"511,201",0,0
PASSAIC,NORTH HALEDON BORO,3640,"358,901",0,0,0,"15,980","328,563","14,359",0,"31,620",0,0,"390,522","31,621",8.8
PASSAIC,PASSAIC CITY,3970,"224,983,917","192,253,769","19,998,279",0,"1,952,300","7,822,139","5,836,727",0,"177,430",0,0,"228,040,644","3,056,727",1.4
PASSAIC,PASSAIC CO MANCHESTER REG,3980,"6,201,462","4,370,960",0,"1,291,059","49,488","512,586","109,628",0,"80,644",0,0,"6,414,365","212,903",3.4
PASSAIC,PASSAIC VALLEY REGIONAL,3990,"966,858","76,492",0,0,"100,005","755,829","34,532",0,0,0,0,"966,858",0,0
PASSAIC,PASSAIC COUNTY VOCATIONAL,3995,"19,778,889","17,510,284",0,0,0,"2,005,270","263,335",0,0,0,0,"19,778,889",0,0
PASSAIC,PATERSON CITY,4010,"397,980,917","369,020,610",0,0,"3,126,191","15,680,979","11,460,079",0,0,0,0,"399,287,859","1,306,942",0.3
PASSAIC,POMPTON LAKES BORO,4230,"3,766,552","2,760,806",0,"95,512","28,900","941,461","35,384",0,0,0,0,"3,862,063","95,511",2.5
PASSAIC,PROSPECT PARK BORO,4270,"7,684,019","7,064,046",0,0,"16,216","497,342","106,415",0,"188,605",0,0,"7,872,624","188,605",2.5
PASSAIC,RINGWOOD BORO,4400,"2,884,847","1,139,507",0,0,"660,581","727,841","98,526","159,299",0,0,"99,093","2,884,847",0,0
PASSAIC,TOTOWA BORO,5200,"422,031",0,0,0,"12,273","391,662","25,172",0,0,0,0,"429,107","7,076",1.7
PASSAIC,WANAQUE BORO,5440,"2,464,024","1,845,547",0,0,"47,456","547,530","23,490",0,0,0,1,"2,464,024",0,0
PASSAIC,WAYNE TWP,5570,"3,784,984",0,0,0,"345,809","3,302,952","136,223",0,0,0,0,"3,784,984",0,0
PASSAIC,WEST MILFORD TWP,5650,"14,329,315","10,288,587",0,0,"1,658,498","2,243,826","313,229","20,389",0,0,0,"14,524,529","195,214",1.4
PASSAIC,WOODLAND PARK,5690,"735,696",0,0,0,"17,240","661,107","57,350",0,"75,596",0,0,"811,293","75,597",10.3
SALEM,ALLOWAY TWP,60,"3,673,692","3,016,688",0,0,"290,690","324,976","44,007","29,304","3,706",0,0,"3,709,371","35,679",1
SALEM,ELMER BORO,1340,"1,858,393","1,344,011",0,0,"77,287","128,551","26,222",0,"5,492","282,321",0,"1,863,884","5,491",0.3
SALEM,ELSINBORO TWP,1350,"660,147","300,281",0,"491,175","54,311","69,516","20,313","83,519","4,066",0,0,"1,023,181","363,034",55
SALEM,LOWER ALLOWAYS CREEK,2800,"853,255","421,194",0,0,"120,883","124,366","19,864","196,496",0,0,0,"882,803","29,548",3.5
SALEM,MANNINGTON TWP,2950,"523,793","33,846",0,0,"117,432","101,080","29,905","274,086",0,0,0,"556,349","32,556",6.2
SALEM,OLDMANS TWP,3860,"1,750,821","944,733",0,"451,632","137,100","142,782","27,487","255,921",0,0,0,"1,959,655","208,834",11.9
SALEM,PENNS GRV-CARNEY'S PT REG,4070,"21,027,688","19,728,590",0,0,"103,538","1,172,562","281,855",0,0,0,0,"21,286,545","258,857",1.2
SALEM,PENNSVILLE,4075,"8,588,870","7,416,252",0,0,"117,331","997,530","57,757",0,0,0,0,"8,588,870",0,0
SALEM,PITTSGROVE TWP,4150,"13,011,031","10,430,292",0,"1,171,078","729,154","837,197","228,815","12,519",0,0,0,"13,409,055","398,024",3.1
SALEM,QUINTON TWP,4280,"3,257,104","2,623,235",0,"265,272","195,664","203,803","77,832",0,"20,832",0,0,"3,386,638","129,534",4
SALEM,SALEM CITY,4630,"16,163,408","13,079,730",0,"5,612","159,661","538,956","404,168","2,171,621",0,0,0,"16,359,748","196,340",1.2
SALEM,SALEM COUNTY VOCATIONAL,4640,"4,594,604","4,180,454",0,0,0,"391,823","22,326",0,0,0,1,"4,594,604",0,0
SALEM,UPPER PITTSGROVE TWP,5320,"3,300,324","2,602,252",0,"150,997","316,928","300,139","55,469",0,"37,291",0,0,"3,463,076","162,752",4.9
SALEM,WOODSTOWN-PILESGROVE REG,5910,"6,713,527","5,498,561",0,0,"358,906","680,616","138,116","261,105","13,257",0,0,"6,950,561","237,034",3.5
SOMERSET,BEDMINSTER TWP,240,"650,802",0,0,0,"106,879","477,773","66,151",0,0,0,0,"650,803",1,0
SOMERSET,BERNARDS TWP,350,"3,057,466",0,0,0,"388,999","2,579,730","88,737",0,0,0,0,"3,057,466",0,0
SOMERSET,BOUND BROOK BORO,490,"7,601,630","6,288,222",0,"447,090","23,408","880,722","118,638",0,"282,395",0,0,"8,040,475","438,845",5.8
SOMERSET,BRANCHBURG TWP,510,"1,913,310",0,0,0,"408,584","1,310,668","194,058",0,0,0,0,"1,913,310",0,0
SOMERSET,BRIDGEWATER-RARITAN REG,555,"9,087,358","2,091,882",0,0,"804,953","5,509,599","680,923",0,0,0,1,"9,087,358",0,0
SOMERSET,FRANKLIN TWP,1610,"12,991,848","5,653,674",0,0,"797,701","4,979,869","1,560,604",0,0,0,0,"12,991,848",0,0
SOMERSET,GREEN BROOK TWP,1810,"911,173",0,0,0,"115,490","749,654","46,028",0,0,0,1,"911,173",0,0
SOMERSET,HILLSBOROUGH TWP,2170,"24,923,766","19,274,266",0,0,"552,129","4,516,286","174,697",0,"13,046",0,"406,388","24,936,812","13,046",0.1
SOMERSET,MANVILLE BORO,3000,"5,163,921","4,261,000",0,0,"12,404","814,956","75,560",0,"66,006",0,0,"5,229,926","66,005",1.3
SOMERSET,MONTGOMERY TWP,3320,"3,930,456",0,0,0,"965,840","2,572,960","387,267",0,0,0,"4,389","3,930,456",0,0
SOMERSET,NORTH PLAINFIELD BORO,3670,"24,506,647","22,181,829",0,0,"60,164","2,029,930","234,724",0,"78,758",0,0,"24,585,405","78,758",0.3
SOMERSET,SOMERSET CO VOCATIONAL,4810,"1,413,902","580,221",0,0,0,"293,914","64,725","366,426",0,0,"108,616","1,413,902",0,0
SOMERSET,SOMERSET HILLS REGIONAL,4815,"842,370",0,0,0,"144,370","569,277","128,722",0,0,0,1,"842,370",0,0
SOMERSET,SOMERVILLE BORO,4820,"5,334,676","4,204,707",0,0,"33,400","1,009,108","87,461",0,"15,501",0,0,"5,350,177","15,501",0.3
SOMERSET,SOUTH BOUND BROOK,4850,"3,329,362","2,948,720",0,0,"14,865","335,311","30,468",0,0,0,0,"3,329,364",2,0
SOMERSET,WARREN TWP,5470,"1,187,441",0,0,0,"124,351","1,032,246","30,843",0,0,0,1,"1,187,441",0,0
SOMERSET,WATCHUNG BORO,5540,"410,657",0,0,0,"52,008","347,512","11,137",0,0,0,0,"410,657",0,0
SOMERSET,WATCHUNG HILLS REGIONAL,5550,"902,393",0,0,0,"191,101","660,639","82,419",0,0,0,0,"934,159","31,766",3.5
SUSSEX,ANDOVER REG,90,"2,152,355","29,231",0,0,"542,362","464,116","61,304","1,182,448",0,0,0,"2,279,461","127,106",5.9
SUSSEX,BYRAM TWP,640,"3,292,527","2,512,278",0,0,"325,211","542,873","70,573",0,0,0,0,"3,450,935","158,408",4.8
SUSSEX,FRANKFORD TWP,1560,"1,899,989",0,0,0,"254,895","304,588","42,195","1,346,579",0,0,0,"1,948,257","48,268",2.5
SUSSEX,FRANKLIN BORO,1570,"3,118,463","2,646,715",0,0,"44,622","277,326","78,236","206,245",0,0,0,"3,253,144","134,681",4.3
SUSSEX,FREDON TWP,1630,"526,667","277,211",0,0,"39,793","183,763","25,900",0,0,0,0,"526,667",0,0
SUSSEX,GREEN TWP,1800,"1,865,659","693,970",0,"402,220","403,821","351,368","44,047","437,219",0,0,0,"2,332,645","466,986",25
SUSSEX,HAMBURG BORO,1930,"1,488,273","749,282",0,0,"45,755","146,403","29,907","646,919",0,0,0,"1,618,266","129,993",8.7
SUSSEX,HAMPTON TWP,1980,"1,269,740","655,394",0,0,"167,978","212,034","32,162","174,490",0,0,"27,682","1,269,740",0,0
SUSSEX,HARDYSTON TWP,2030,"1,943,157",0,0,0,"455,021","395,120","53,906","1,162,080",0,0,0,"2,066,127","122,970",6.3
SUSSEX,HIGH POINT REGIONAL,2165,"6,172,970","4,284,622",0,0,"748,822","606,486","86,130","623,958",0,0,0,"6,350,018","177,048",2.9
SUSSEX,HOPATCONG,2240,"11,102,061","5,217,357",0,0,"668,951","1,104,933","232,021","4,126,103",0,0,0,"11,349,365","247,304",2.2
SUSSEX,KITTATINNY REGIONAL,2465,"5,642,598","3,436,027",0,"112,200","631,242","614,895","80,860","1,053,290",0,0,0,"5,928,514","285,916",5.1
SUSSEX,LAFAYETTE TWP,2490,"664,054","49,711",0,"344,723","107,836","135,970","17,139","172,439",0,0,0,"827,818","163,764",24.7
SUSSEX,LENAPE VALLEY REGIONAL,2615,"4,217,068","3,515,987",0,"516,644","77,634","456,040","18,662",0,0,0,0,"4,584,967","367,899",8.7
SUSSEX,MONTAGUE TWP,3300,"2,690,095","1,906,677",0,0,"398,801","257,132","100,706","26,780",0,0,0,"2,690,096",1,0
SUSSEX,NEWTON TOWN,3590,"5,831,032","5,168,494",0,0,"29,820","584,268","48,449",0,0,0,1,"5,831,032",0,0
SUSSEX,OGDENSBURG BORO,3840,"2,050,412","1,364,286",0,"256,521","17,314","161,211","27,019","471,185",0,0,0,"2,297,536","247,124",12.1
SUSSEX,SANDYSTON-WALPACK TWP,4650,"525,643","468,282",0,0,"9,540","85,823","2,273",0,0,0,0,"565,918","40,275",7.7
SUSSEX,SPARTA TWP,4960,"5,638,752","2,488,733",0,0,"1,105,532","2,030,137","252,688",0,0,0,0,"5,877,090","238,338",4.2
SUSSEX,STANHOPE BORO,5030,"1,439,650","1,167,777",0,0,"34,204","202,273","34,064","66,645",0,0,0,"1,504,963","65,313",4.5
SUSSEX,STILLWATER TWP,5040,"1,746,000","1,032,251",0,0,"151,545","197,226","32,802","384,085",0,0,0,"1,797,909","51,909",3
SUSSEX,SUSSEX-WANTAGE REGIONAL,5100,"7,456,239","5,670,481",0,"26,145","824,394","773,754","152,070","337,885",0,0,0,"7,784,729","328,490",4.4
SUSSEX,SUSSEX COUNTY VOCATIONAL,5110,"4,162,722","2,432,422",0,0,0,"331,506","54,112","1,344,682",0,0,0,"4,162,722",0,0
SUSSEX,VERNON TWP,5360,"24,208,548","14,888,366",0,"194,376","2,202,151","2,093,078","326,271","5,263,253",0,0,0,"24,967,495","758,947",3.1
SUSSEX,WALLKILL VALLEY REGIONAL,5435,"4,337,637","2,932,866",0,"82,160","466,818","415,991","67,110","718,835",0,0,0,"4,683,780","346,143",8
UNION,BERKELEY HEIGHTS TWP,310,"1,123,170",0,0,0,"117,713","969,462","35,996",0,0,0,0,"1,123,171",1,0
UNION,CLARK TWP,850,"1,003,367",0,0,0,"51,623","915,831","35,913",0,"2,264",0,0,"1,005,631","2,264",0.2
UNION,CRANFORD TWP,980,"2,235,685","91,898",0,0,"71,333","2,013,546","58,908",0,0,0,0,"2,235,685",0,0
UNION,ELIZABETH CITY,1320,"355,913,522","308,295,204","28,521,068",0,"2,976,954","13,260,027","9,919,445",0,"500,000",0,0,"363,472,698","7,559,176",2.1
UNION,GARWOOD BORO,1710,"438,027","80,233",0,0,"31,288","311,043","9,695","3,963",0,0,"1,805","438,027",0,0
UNION,HILLSIDE TWP,2190,"21,114,645","19,007,900",0,0,"97,953","1,798,099","210,693",0,"6,164",0,0,"21,120,809","6,164",0
UNION,KENILWORTH BORO,2420,"4,222,257","1,246,171",0,"2,099,135","29,770","808,290","37,446",0,"46,156",0,0,"4,266,968","44,711",1.1
UNION,LINDEN CITY,2660,"21,091,314","16,947,876",0,0,"202,332","3,587,777","353,329",0,0,0,0,"21,091,314",0,0
UNION,MOUNTAINSIDE BORO,3470,"465,204",0,0,0,"65,170","382,540","17,494",0,"5,780",0,0,"470,984","5,780",1.2
UNION,NEW PROVIDENCE BORO,3560,"841,924",0,0,0,"43,738","793,253","34,546",0,0,0,0,"871,537","29,613",3.5
UNION,PLAINFIELD CITY,4160,"118,407,526","100,550,671","11,009,173",0,"1,265,855","4,804,436","3,169,418",0,"423,687",0,0,"121,223,240","2,815,714",2.4
UNION,RAHWAY CITY,4290,"20,362,126","17,507,406",0,0,"181,590","2,230,002","443,128",0,"86,609",0,0,"20,448,735","86,609",0.4
UNION,ROSELLE BORO,4540,"23,563,309","21,663,036",0,0,"50,165","1,658,470","191,639",0,0,0,0,"23,563,310",1,0
UNION,ROSELLE PARK BORO,4550,"10,423,024","9,176,611",0,0,"19,838","1,140,860","85,714",0,0,0,1,"10,423,024",0,0
UNION,SCOTCH PLAINS-FANWOOD REG,4670,"2,751,204",0,0,0,"204,541","2,550,339","86,448",0,0,0,0,"2,841,328","90,124",3.3
UNION,SPRINGFIELD TWP,5000,"1,107,266",0,0,"458,898","68,276","743,150","39,644",0,0,0,0,"1,309,968","202,702",18.3
UNION,SUMMIT CITY,5090,"1,525,733",0,0,0,"29,508","1,420,941","75,284",0,0,0,0,"1,525,733",0,0
UNION,UNION COUNTY VOCATIONAL,5260,"5,633,936","4,643,708",0,0,0,"946,786","43,442",0,0,0,0,"5,633,936",0,0
UNION,UNION TWP,5290,"30,633,507","25,485,236",0,0,"256,269","4,542,770","349,231",0,0,0,1,"30,633,507",0,0
UNION,WESTFIELD TOWN,5730,"2,832,316",0,0,0,"121,554","2,614,018","96,745",0,0,0,0,"2,832,317",1,0
UNION,WINFIELD TWP,5810,"1,618,336","1,310,098",0,"135,330","60,475","97,159","20,166","34,066",0,0,0,"1,657,294","38,958",2.4
WARREN,ALLAMUCHY TWP,30,"531,957",0,0,0,"223,501","287,673","36,981",0,0,0,0,"548,155","16,198",3
WARREN,ALPHA BORO,70,"1,902,578","1,676,814",0,0,"16,483","199,203","10,077",0,0,0,1,"1,902,578",0,0
WARREN,BELVIDERE TOWN,280,"2,826,757","2,549,473",0,0,"1,860","249,632","8,387",0,0,0,"17,405","2,826,757",0,0
WARREN,BLAIRSTOWN TWP,400,"1,907,750","1,333,417",0,0,"70,649","351,956","52,071","115,626",0,0,"39,578","1,963,297","55,547",2.9
WARREN,FRANKLIN TWP,1620,"743,911","557,245",0,0,"19,335","147,307","4,013",0,0,0,"16,011","743,911",0,0
WARREN,FRELINGHUYSEN TWP,1670,"606,062","274,195",0,0,"81,177","103,313","12,976","142,159",0,0,0,"613,820","7,758",1.3
WARREN,GREAT MEADOWS REGIONAL,1785,"5,798,044","4,672,930",0,0,"309,702","763,471","105,232","32,369",0,0,0,"5,883,704","85,660",1.5
WARREN,GREENWICH TWP,1840,"5,758,882","4,770,510",0,"105,729","198,562","699,575","90,234",0,"66,207",0,0,"5,930,817","171,935",3
WARREN,HACKETTSTOWN,1870,"4,924,135","4,244,551",0,0,"16,384","740,338","33,016",0,0,0,0,"5,034,289","110,154",2.2
WARREN,HARMONY TWP,2040,"351,591",0,0,0,"103,351","217,130","31,409",0,0,0,0,"351,890",299,0.1
WARREN,HOPE TWP,2250,"895,181","684,121",0,0,"103,047","155,088","22,505",0,0,0,0,"964,761","69,580",7.8
WARREN,KNOWLTON TWP,2470,"1,380,491","1,083,113",0,0,"114,628","144,464","24,644","1,145",0,0,"12,497","1,380,491",0,0
WARREN,LOPATCONG TWP,2790,"3,349,067","2,598,242",0,"119,768","32,937","695,116","22,771",0,"12,277",0,0,"3,481,111","132,044",3.9
WARREN,MANSFIELD TWP,2970,"3,531,583","2,943,686",0,0,"112,510","391,733","83,654",0,"19,421",0,0,"3,551,004","19,421",0.5
WARREN,NORTH WARREN REGIONAL,3675,"4,876,376","4,073,680",0,0,"129,381","607,635","79,019","66,201",0,0,0,"4,955,916","79,540",1.6
WARREN,OXFORD TWP,3890,"2,484,313","2,066,891",0,"114,864","129,516","218,357","29,557",0,0,0,0,"2,559,185","74,872",3
WARREN,PHILLIPSBURG TOWN,4100,"36,952,354","25,057,290",0,0,"188,706","1,371,130","769,147","9,997,105",0,0,0,"37,383,378","431,024",1.2
WARREN,POHATCONG TWP,4200,"1,767,498","1,431,183",0,0,"36,072","266,183","34,060",0,0,0,0,"1,767,498",0,0
WARREN,WARREN COUNTY VOCATIONAL,5460,"3,080,705","2,768,259",0,0,"50,531","269,146","25,413",0,0,0,0,"3,113,349","32,644",1.1
WARREN,WARREN HILLS REGIONAL,5465,"10,381,211","9,304,549",0,0,"128,360","1,025,435","40,379",0,0,0,0,"10,498,723","117,512",1.1
WARREN,WASHINGTON BORO,5480,"2,748,205","2,428,322",0,0,"10,316","290,035","19,533",0,0,0,0,"2,748,206",1,0
WARREN,WASHINGTON TWP,5530,"2,581,081","1,702,476",0,0,"258,367","329,211","47,406","286,365",0,0,0,"2,623,825","42,744",1.7
WARREN,WHITE TWP,5780,"1,722,456","581,054",0,0,"249,609","313,648","49,562","540,496",0,0,0,"1,734,369","11,913",0.7